--------------------------------------------------------
--  파일이 생성됨 - 화요일-11월-01-2022   
--------------------------------------------------------
--------------------------------------------------------
--  DDL for Sequence ADMIN_SEQ
--------------------------------------------------------

   CREATE SEQUENCE  "HOMETT"."ADMIN_SEQ"  MINVALUE 1 MAXVALUE 9999999999999999999999999999 INCREMENT BY 1 START WITH 21 CACHE 20 NOORDER  NOCYCLE ;
--------------------------------------------------------
--  DDL for Sequence BOARD_REVIEW_SEQ
--------------------------------------------------------

   CREATE SEQUENCE  "HOMETT"."BOARD_REVIEW_SEQ"  MINVALUE 1 MAXVALUE 9999999999999999999999999999 INCREMENT BY 1 START WITH 21 CACHE 20 NOORDER  NOCYCLE ;
--------------------------------------------------------
--  DDL for Sequence COMMENTS_SEQ
--------------------------------------------------------

   CREATE SEQUENCE  "HOMETT"."COMMENTS_SEQ"  MINVALUE 1 MAXVALUE 9999999999999999999999999999 INCREMENT BY 1 START WITH 1 CACHE 20 NOORDER  NOCYCLE ;
--------------------------------------------------------
--  DDL for Sequence CS_EVENT_SEQ
--------------------------------------------------------

   CREATE SEQUENCE  "HOMETT"."CS_EVENT_SEQ"  MINVALUE 1 MAXVALUE 9999999999999999999999999999 INCREMENT BY 1 START WITH 21 CACHE 20 NOORDER  NOCYCLE ;
--------------------------------------------------------
--  DDL for Sequence CS_INQUIRY_SEQ
--------------------------------------------------------

   CREATE SEQUENCE  "HOMETT"."CS_INQUIRY_SEQ"  MINVALUE 1 MAXVALUE 9999999999999999999999999999 INCREMENT BY 1 START WITH 61 CACHE 20 NOORDER  NOCYCLE ;
--------------------------------------------------------
--  DDL for Sequence CS_NOTICE_SEQ
--------------------------------------------------------

   CREATE SEQUENCE  "HOMETT"."CS_NOTICE_SEQ"  MINVALUE 1 MAXVALUE 9999999999999999999999999999 INCREMENT BY 1 START WITH 41 CACHE 20 NOORDER  NOCYCLE ;
--------------------------------------------------------
--  DDL for Sequence MEMBER_SEQ
--------------------------------------------------------

   CREATE SEQUENCE  "HOMETT"."MEMBER_SEQ"  MINVALUE 1 MAXVALUE 9999999999999999999999999999 INCREMENT BY 1 START WITH 61 CACHE 20 NOORDER  NOCYCLE ;
--------------------------------------------------------
--  DDL for Sequence PARTY_BOARD_SEQ
--------------------------------------------------------

   CREATE SEQUENCE  "HOMETT"."PARTY_BOARD_SEQ"  MINVALUE 1 MAXVALUE 9999999999999999999999999999 INCREMENT BY 1 START WITH 21 CACHE 20 NOORDER  NOCYCLE ;
--------------------------------------------------------
--  DDL for Sequence PARTY_ROOM_SEQ
--------------------------------------------------------

   CREATE SEQUENCE  "HOMETT"."PARTY_ROOM_SEQ"  MINVALUE 1 MAXVALUE 9999999999999999999999999999 INCREMENT BY 1 START WITH 1 CACHE 20 NOORDER  NOCYCLE ;
--------------------------------------------------------
--  DDL for Sequence PARTY_SEQ
--------------------------------------------------------

   CREATE SEQUENCE  "HOMETT"."PARTY_SEQ"  MINVALUE 1 MAXVALUE 9999999999999999999999999999 INCREMENT BY 1 START WITH 121 CACHE 20 NOORDER  NOCYCLE ;
--------------------------------------------------------
--  DDL for Sequence PAYMENT_SEQ
--------------------------------------------------------

   CREATE SEQUENCE  "HOMETT"."PAYMENT_SEQ"  MINVALUE 1 MAXVALUE 9999999999999999999999999999 INCREMENT BY 1 START WITH 1 CACHE 20 NOORDER  NOCYCLE ;
--------------------------------------------------------
--  DDL for Sequence REPORTNO_SEQ
--------------------------------------------------------

   CREATE SEQUENCE  "HOMETT"."REPORTNO_SEQ"  MINVALUE 1 MAXVALUE 9999999999999999999999999999 INCREMENT BY 1 START WITH 41 CACHE 20 NOORDER  NOCYCLE ;
--------------------------------------------------------
--  DDL for Table ADMIN
--------------------------------------------------------

  CREATE TABLE "HOMETT"."ADMIN" 
   (	"ADMIN_NO" NUMBER, 
	"ADMIN_ID" VARCHAR2(30 BYTE), 
	"ADMIN_PW" VARCHAR2(30 BYTE)
   ) SEGMENT CREATION IMMEDIATE 
  PCTFREE 10 PCTUSED 40 INITRANS 1 MAXTRANS 255 NOCOMPRESS LOGGING
  STORAGE(INITIAL 65536 NEXT 1048576 MINEXTENTS 1 MAXEXTENTS 2147483645
  PCTINCREASE 0 FREELISTS 1 FREELIST GROUPS 1 BUFFER_POOL DEFAULT FLASH_CACHE DEFAULT CELL_FLASH_CACHE DEFAULT)
  TABLESPACE "SYSTEM" ;
--------------------------------------------------------
--  DDL for Table BOARD_REVIEW
--------------------------------------------------------

  CREATE TABLE "HOMETT"."BOARD_REVIEW" 
   (	"REVIEW_ARTICLENUMBER" NUMBER, 
	"REVIEW_ARTICLETITLE" VARCHAR2(1000 BYTE), 
	"REVIEW_CONTENT" VARCHAR2(3000 BYTE), 
	"REVIEW_DATE" DATE, 
	"HIT" NUMBER, 
	"USER_NO" NUMBER
   ) SEGMENT CREATION IMMEDIATE 
  PCTFREE 10 PCTUSED 40 INITRANS 1 MAXTRANS 255 NOCOMPRESS LOGGING
  STORAGE(INITIAL 65536 NEXT 1048576 MINEXTENTS 1 MAXEXTENTS 2147483645
  PCTINCREASE 0 FREELISTS 1 FREELIST GROUPS 1 BUFFER_POOL DEFAULT FLASH_CACHE DEFAULT CELL_FLASH_CACHE DEFAULT)
  TABLESPACE "SYSTEM" ;
--------------------------------------------------------
--  DDL for Table COMMENTS
--------------------------------------------------------

  CREATE TABLE "HOMETT"."COMMENTS" 
   (	"COMMENTS_NO" NUMBER, 
	"COMMENTS_CONTENT" VARCHAR2(100 BYTE), 
	"COMMENTS_DATE" DATE, 
	"USER_NO" NUMBER
   ) SEGMENT CREATION IMMEDIATE 
  PCTFREE 10 PCTUSED 40 INITRANS 1 MAXTRANS 255 NOCOMPRESS LOGGING
  STORAGE(INITIAL 65536 NEXT 1048576 MINEXTENTS 1 MAXEXTENTS 2147483645
  PCTINCREASE 0 FREELISTS 1 FREELIST GROUPS 1 BUFFER_POOL DEFAULT FLASH_CACHE DEFAULT CELL_FLASH_CACHE DEFAULT)
  TABLESPACE "SYSTEM" ;
--------------------------------------------------------
--  DDL for Table CS_EVENT
--------------------------------------------------------

  CREATE TABLE "HOMETT"."CS_EVENT" 
   (	"EVENT_ARTICLENUMBER" NUMBER, 
	"EVENT_ARTICLETITLE" VARCHAR2(1000 BYTE), 
	"EVENT_CONTENT" VARCHAR2(3000 BYTE), 
	"EVENT_DATE" DATE, 
	"HIT" NUMBER
   ) SEGMENT CREATION IMMEDIATE 
  PCTFREE 10 PCTUSED 40 INITRANS 1 MAXTRANS 255 NOCOMPRESS LOGGING
  STORAGE(INITIAL 65536 NEXT 1048576 MINEXTENTS 1 MAXEXTENTS 2147483645
  PCTINCREASE 0 FREELISTS 1 FREELIST GROUPS 1 BUFFER_POOL DEFAULT FLASH_CACHE DEFAULT CELL_FLASH_CACHE DEFAULT)
  TABLESPACE "SYSTEM" ;
--------------------------------------------------------
--  DDL for Table CS_INQUIRY
--------------------------------------------------------

  CREATE TABLE "HOMETT"."CS_INQUIRY" 
   (	"INQUIRY_ARTICLENUMBER" NUMBER, 
	"INQUIRY_ARTICLETITLE" VARCHAR2(1000 BYTE), 
	"INQUIRY_CONTENT" VARCHAR2(3000 BYTE), 
	"INQUIRY_DATE" DATE, 
	"USER_NO" NUMBER, 
	"ANSWER_WRITER" VARCHAR2(30 BYTE), 
	"ANSWER_CONTENT" VARCHAR2(500 BYTE), 
	"ANSWER_DATE" DATE
   ) SEGMENT CREATION IMMEDIATE 
  PCTFREE 10 PCTUSED 40 INITRANS 1 MAXTRANS 255 NOCOMPRESS LOGGING
  STORAGE(INITIAL 65536 NEXT 1048576 MINEXTENTS 1 MAXEXTENTS 2147483645
  PCTINCREASE 0 FREELISTS 1 FREELIST GROUPS 1 BUFFER_POOL DEFAULT FLASH_CACHE DEFAULT CELL_FLASH_CACHE DEFAULT)
  TABLESPACE "SYSTEM" ;
--------------------------------------------------------
--  DDL for Table CS_NOTICE
--------------------------------------------------------

  CREATE TABLE "HOMETT"."CS_NOTICE" 
   (	"NOTICE_ARTICLENUMBER" NUMBER, 
	"NOTICE_ARTICLETITLE" VARCHAR2(1000 BYTE), 
	"NOTICE_CONTENT" VARCHAR2(3000 BYTE), 
	"NOTICE_DATE" DATE, 
	"HIT" NUMBER
   ) SEGMENT CREATION IMMEDIATE 
  PCTFREE 10 PCTUSED 40 INITRANS 1 MAXTRANS 255 NOCOMPRESS LOGGING
  STORAGE(INITIAL 65536 NEXT 1048576 MINEXTENTS 1 MAXEXTENTS 2147483645
  PCTINCREASE 0 FREELISTS 1 FREELIST GROUPS 1 BUFFER_POOL DEFAULT FLASH_CACHE DEFAULT CELL_FLASH_CACHE DEFAULT)
  TABLESPACE "SYSTEM" ;
--------------------------------------------------------
--  DDL for Table DAILYETCSTATISTICS
--------------------------------------------------------

  CREATE TABLE "HOMETT"."DAILYETCSTATISTICS" 
   (	"DAILY_JOINUSER" NUMBER, 
	"DAILY_DORPUSER" NUMBER, 
	"DAILY_NEWPARTY" NUMBER, 
	"DAILY_ENDPARTY" NUMBER
   ) SEGMENT CREATION IMMEDIATE 
  PCTFREE 10 PCTUSED 40 INITRANS 1 MAXTRANS 255 NOCOMPRESS LOGGING
  STORAGE(INITIAL 65536 NEXT 1048576 MINEXTENTS 1 MAXEXTENTS 2147483645
  PCTINCREASE 0 FREELISTS 1 FREELIST GROUPS 1 BUFFER_POOL DEFAULT FLASH_CACHE DEFAULT CELL_FLASH_CACHE DEFAULT)
  TABLESPACE "SYSTEM" ;
--------------------------------------------------------
--  DDL for Table DAILYPARTYSTATISTICS
--------------------------------------------------------

  CREATE TABLE "HOMETT"."DAILYPARTYSTATISTICS" 
   (	"DAILY_PARTYCANO" NUMBER, 
	"DAILY_PARTYKIND" VARCHAR2(30 BYTE), 
	"DAILY_PARTYCNT" NUMBER
   ) SEGMENT CREATION IMMEDIATE 
  PCTFREE 10 PCTUSED 40 INITRANS 1 MAXTRANS 255 NOCOMPRESS LOGGING
  STORAGE(INITIAL 65536 NEXT 1048576 MINEXTENTS 1 MAXEXTENTS 2147483645
  PCTINCREASE 0 FREELISTS 1 FREELIST GROUPS 1 BUFFER_POOL DEFAULT FLASH_CACHE DEFAULT CELL_FLASH_CACHE DEFAULT)
  TABLESPACE "SYSTEM" ;
--------------------------------------------------------
--  DDL for Table INVITATION
--------------------------------------------------------

  CREATE TABLE "HOMETT"."INVITATION" 
   (	"PARTY_CODE" VARCHAR2(100 BYTE), 
	"USER_NO" NUMBER, 
	"PARTY_NO" NUMBER, 
	"USER_PHONE" VARCHAR2(100 BYTE)
   ) SEGMENT CREATION IMMEDIATE 
  PCTFREE 10 PCTUSED 40 INITRANS 1 MAXTRANS 255 NOCOMPRESS LOGGING
  STORAGE(INITIAL 65536 NEXT 1048576 MINEXTENTS 1 MAXEXTENTS 2147483645
  PCTINCREASE 0 FREELISTS 1 FREELIST GROUPS 1 BUFFER_POOL DEFAULT FLASH_CACHE DEFAULT CELL_FLASH_CACHE DEFAULT)
  TABLESPACE "SYSTEM" ;
--------------------------------------------------------
--  DDL for Table MASTER
--------------------------------------------------------

  CREATE TABLE "HOMETT"."MASTER" 
   (	"MASTER_NO" NUMBER, 
	"MNAME" VARCHAR2(30 BYTE)
   ) SEGMENT CREATION IMMEDIATE 
  PCTFREE 10 PCTUSED 40 INITRANS 1 MAXTRANS 255 NOCOMPRESS LOGGING
  STORAGE(INITIAL 65536 NEXT 1048576 MINEXTENTS 1 MAXEXTENTS 2147483645
  PCTINCREASE 0 FREELISTS 1 FREELIST GROUPS 1 BUFFER_POOL DEFAULT FLASH_CACHE DEFAULT CELL_FLASH_CACHE DEFAULT)
  TABLESPACE "SYSTEM" ;
--------------------------------------------------------
--  DDL for Table MEMBER
--------------------------------------------------------

  CREATE TABLE "HOMETT"."MEMBER" 
   (	"USER_NO" NUMBER, 
	"MASTER_NO" NUMBER, 
	"USER_ID" VARCHAR2(30 BYTE), 
	"USER_PW" VARCHAR2(30 BYTE), 
	"USER_NAME" VARCHAR2(30 BYTE), 
	"USER_NICK" VARCHAR2(30 BYTE), 
	"USER_EMAIL" VARCHAR2(30 BYTE), 
	"USER_PHONE" NUMBER, 
	"USER_JOIN" DATE, 
	"PARTY_NO" NUMBER
   ) SEGMENT CREATION IMMEDIATE 
  PCTFREE 10 PCTUSED 40 INITRANS 1 MAXTRANS 255 NOCOMPRESS LOGGING
  STORAGE(INITIAL 65536 NEXT 1048576 MINEXTENTS 1 MAXEXTENTS 2147483645
  PCTINCREASE 0 FREELISTS 1 FREELIST GROUPS 1 BUFFER_POOL DEFAULT FLASH_CACHE DEFAULT CELL_FLASH_CACHE DEFAULT)
  TABLESPACE "SYSTEM" ;
--------------------------------------------------------
--  DDL for Table MONTHLYETCSTATISTICS
--------------------------------------------------------

  CREATE TABLE "HOMETT"."MONTHLYETCSTATISTICS" 
   (	"MONTHLY_JOINUSER" NUMBER, 
	"MONTHLY_DORPUSER" NUMBER, 
	"MONTHLY_NEWPARTY" NUMBER, 
	"MONTHLY_ENDPARTY" NUMBER
   ) SEGMENT CREATION IMMEDIATE 
  PCTFREE 10 PCTUSED 40 INITRANS 1 MAXTRANS 255 NOCOMPRESS LOGGING
  STORAGE(INITIAL 65536 NEXT 1048576 MINEXTENTS 1 MAXEXTENTS 2147483645
  PCTINCREASE 0 FREELISTS 1 FREELIST GROUPS 1 BUFFER_POOL DEFAULT FLASH_CACHE DEFAULT CELL_FLASH_CACHE DEFAULT)
  TABLESPACE "SYSTEM" ;
--------------------------------------------------------
--  DDL for Table MONTHLYPARTYSTATISTICS
--------------------------------------------------------

  CREATE TABLE "HOMETT"."MONTHLYPARTYSTATISTICS" 
   (	"MONTHLY_PARTYCANO" NUMBER, 
	"MONTHLY_PARTYKIND" VARCHAR2(30 BYTE), 
	"MONTHLY_PARTYCNT" NUMBER
   ) SEGMENT CREATION IMMEDIATE 
  PCTFREE 10 PCTUSED 40 INITRANS 1 MAXTRANS 255 NOCOMPRESS LOGGING
  STORAGE(INITIAL 65536 NEXT 1048576 MINEXTENTS 1 MAXEXTENTS 2147483645
  PCTINCREASE 0 FREELISTS 1 FREELIST GROUPS 1 BUFFER_POOL DEFAULT FLASH_CACHE DEFAULT CELL_FLASH_CACHE DEFAULT)
  TABLESPACE "SYSTEM" ;
--------------------------------------------------------
--  DDL for Table PARTY
--------------------------------------------------------

  CREATE TABLE "HOMETT"."PARTY" 
   (	"PARTY_NO" NUMBER, 
	"PARTY_KIND" VARCHAR2(30 BYTE), 
	"PARTY_ENDDATE" DATE, 
	"PARTY_NAME" VARCHAR2(100 BYTE), 
	"PARTY_RULE" VARCHAR2(1000 BYTE), 
	"USER_NO" NUMBER, 
	"PAYMENTAMOUNT" NUMBER, 
	"PARTY_PERIOD" DATE, 
	"PARTY_MEMBER" NUMBER, 
	"BOARD_CANO" NUMBER, 
	"PARTY_CREDATE" DATE, 
	"PARTY_LEADER" VARCHAR2(30 BYTE), 
	"OTT_ID" VARCHAR2(30 BYTE), 
	"OTT_PW" VARCHAR2(30 BYTE), 
	"PARTY_NOTICE" VARCHAR2(100 BYTE), 
	"PARTY_ROOM_NO" NUMBER
   ) SEGMENT CREATION IMMEDIATE 
  PCTFREE 10 PCTUSED 40 INITRANS 1 MAXTRANS 255 NOCOMPRESS LOGGING
  STORAGE(INITIAL 65536 NEXT 1048576 MINEXTENTS 1 MAXEXTENTS 2147483645
  PCTINCREASE 0 FREELISTS 1 FREELIST GROUPS 1 BUFFER_POOL DEFAULT FLASH_CACHE DEFAULT CELL_FLASH_CACHE DEFAULT)
  TABLESPACE "SYSTEM" ;
--------------------------------------------------------
--  DDL for Table PARTY_BOARD
--------------------------------------------------------

  CREATE TABLE "HOMETT"."PARTY_BOARD" 
   (	"PARTY_BOARDNO" NUMBER, 
	"PARTY_NO" NUMBER, 
	"COMMENTS_NO" NUMBER, 
	"BOARD_CODE" NUMBER, 
	"BOARD_NO" NUMBER, 
	"PARTY_BOARDWRITE" VARCHAR2(500 BYTE), 
	"PARTY_BOARDWRITER" VARCHAR2(100 BYTE), 
	"PARTY_BOARDTITLE" VARCHAR2(500 BYTE), 
	"PARTY_COMMENTS" VARCHAR2(500 BYTE), 
	"USER_NO" NUMBER, 
	"BOARD_CANO" NUMBER, 
	"ADMIN_NO" VARCHAR2(30 BYTE)
   ) SEGMENT CREATION IMMEDIATE 
  PCTFREE 10 PCTUSED 40 INITRANS 1 MAXTRANS 255 NOCOMPRESS LOGGING
  STORAGE(INITIAL 65536 NEXT 1048576 MINEXTENTS 1 MAXEXTENTS 2147483645
  PCTINCREASE 0 FREELISTS 1 FREELIST GROUPS 1 BUFFER_POOL DEFAULT FLASH_CACHE DEFAULT CELL_FLASH_CACHE DEFAULT)
  TABLESPACE "SYSTEM" ;
--------------------------------------------------------
--  DDL for Table PARTY_ROOM
--------------------------------------------------------

  CREATE TABLE "HOMETT"."PARTY_ROOM" 
   (	"PARTY_ROOM_NO" NUMBER, 
	"PARTY_NO" NUMBER, 
	"USER_NO" NUMBER
   ) SEGMENT CREATION IMMEDIATE 
  PCTFREE 10 PCTUSED 40 INITRANS 1 MAXTRANS 255 NOCOMPRESS LOGGING
  STORAGE(INITIAL 65536 NEXT 1048576 MINEXTENTS 1 MAXEXTENTS 2147483645
  PCTINCREASE 0 FREELISTS 1 FREELIST GROUPS 1 BUFFER_POOL DEFAULT FLASH_CACHE DEFAULT CELL_FLASH_CACHE DEFAULT)
  TABLESPACE "SYSTEM" ;
--------------------------------------------------------
--  DDL for Table PAYMENT
--------------------------------------------------------

  CREATE TABLE "HOMETT"."PAYMENT" 
   (	"PAY_NO" VARCHAR2(100 BYTE), 
	"ORDER_NO" VARCHAR2(100 BYTE), 
	"USER_NO" NUMBER, 
	"PARTY_NO" NUMBER, 
	"PAYMENTMETHOD" VARCHAR2(30 BYTE), 
	"USER_CARDCOM" VARCHAR2(30 BYTE), 
	"PAYMENT_AMOUNT" NUMBER, 
	"PAYMENT_DATE" DATE
   ) SEGMENT CREATION IMMEDIATE 
  PCTFREE 10 PCTUSED 40 INITRANS 1 MAXTRANS 255 NOCOMPRESS LOGGING
  STORAGE(INITIAL 65536 NEXT 1048576 MINEXTENTS 1 MAXEXTENTS 2147483645
  PCTINCREASE 0 FREELISTS 1 FREELIST GROUPS 1 BUFFER_POOL DEFAULT FLASH_CACHE DEFAULT CELL_FLASH_CACHE DEFAULT)
  TABLESPACE "SYSTEM" ;
--------------------------------------------------------
--  DDL for Table REPORT
--------------------------------------------------------

  CREATE TABLE "HOMETT"."REPORT" 
   (	"REPORT_NO" NUMBER, 
	"REPORT_CONTENT" VARCHAR2(500 BYTE), 
	"REPORT_TARGET" VARCHAR2(30 BYTE), 
	"REPORTER" VARCHAR2(30 BYTE), 
	"REPORT_PARTY" VARCHAR2(30 BYTE), 
	"REPORT_DATE" DATE, 
	"USER_NO" NUMBER, 
	"PARTY_NO" NUMBER, 
	"PARTY_BOARDNO" NUMBER, 
	"BOARD_CODE" NUMBER, 
	"BOARD_CANO" NUMBER
   ) SEGMENT CREATION IMMEDIATE 
  PCTFREE 10 PCTUSED 40 INITRANS 1 MAXTRANS 255 NOCOMPRESS LOGGING
  STORAGE(INITIAL 65536 NEXT 1048576 MINEXTENTS 1 MAXEXTENTS 2147483645
  PCTINCREASE 0 FREELISTS 1 FREELIST GROUPS 1 BUFFER_POOL DEFAULT FLASH_CACHE DEFAULT CELL_FLASH_CACHE DEFAULT)
  TABLESPACE "SYSTEM" ;
--------------------------------------------------------
--  DDL for Table WISH_LIST
--------------------------------------------------------

  CREATE TABLE "HOMETT"."WISH_LIST" 
   (	"WISH_NO" NUMBER, 
	"PARTY_CANO" NUMBER, 
	"BOARD_CANO" NUMBER, 
	"PARTY_LEADER" VARCHAR2(30 BYTE), 
	"PARTY_NAME" VARCHAR2(100 BYTE), 
	"PARTY_CREDATE" DATE, 
	"PARTY_ENDDATE" DATE, 
	"USER_NO" NUMBER, 
	"PARTY_NO" NUMBER, 
	"PARTY_KIND" VARCHAR2(30 BYTE)
   ) SEGMENT CREATION IMMEDIATE 
  PCTFREE 10 PCTUSED 40 INITRANS 1 MAXTRANS 255 NOCOMPRESS LOGGING
  STORAGE(INITIAL 65536 NEXT 1048576 MINEXTENTS 1 MAXEXTENTS 2147483645
  PCTINCREASE 0 FREELISTS 1 FREELIST GROUPS 1 BUFFER_POOL DEFAULT FLASH_CACHE DEFAULT CELL_FLASH_CACHE DEFAULT)
  TABLESPACE "SYSTEM" ;
REM INSERTING into HOMETT.ADMIN
SET DEFINE OFF;
Insert into HOMETT.ADMIN (ADMIN_NO,ADMIN_ID,ADMIN_PW) values (1,'admin1','admin11');
Insert into HOMETT.ADMIN (ADMIN_NO,ADMIN_ID,ADMIN_PW) values (2,'admin2','admin22');
REM INSERTING into HOMETT.BOARD_REVIEW
SET DEFINE OFF;
Insert into HOMETT.BOARD_REVIEW (REVIEW_ARTICLENUMBER,REVIEW_ARTICLETITLE,REVIEW_CONTENT,REVIEW_DATE,HIT,USER_NO) values (1,'오운학님 너무 좋았어요!!','오운학님 너무 좋았어요!!!!!',to_date('22/10/31','RR/MM/DD'),204,22);
Insert into HOMETT.BOARD_REVIEW (REVIEW_ARTICLENUMBER,REVIEW_ARTICLETITLE,REVIEW_CONTENT,REVIEW_DATE,HIT,USER_NO) values (2,'차현경님 너무 좋았어요!!','차현경님 너무 좋았어요!!!!!',to_date('22/10/31','RR/MM/DD'),102,23);
Insert into HOMETT.BOARD_REVIEW (REVIEW_ARTICLENUMBER,REVIEW_ARTICLETITLE,REVIEW_CONTENT,REVIEW_DATE,HIT,USER_NO) values (3,'장지원님 너무 좋았어요!!','장지원님 너무 좋았어요!!!!!',to_date('22/10/31','RR/MM/DD'),48,24);
Insert into HOMETT.BOARD_REVIEW (REVIEW_ARTICLENUMBER,REVIEW_ARTICLETITLE,REVIEW_CONTENT,REVIEW_DATE,HIT,USER_NO) values (4,'조대연님 너무 좋았어요!!','조대연님 너무 좋았어요!!!!!',to_date('22/10/31','RR/MM/DD'),392,25);
Insert into HOMETT.BOARD_REVIEW (REVIEW_ARTICLENUMBER,REVIEW_ARTICLETITLE,REVIEW_CONTENT,REVIEW_DATE,HIT,USER_NO) values (5,'임종욱님 너무 좋았어요!!','임종욱님 너무 좋았어요!!!!!',to_date('22/10/31','RR/MM/DD'),124,26);
Insert into HOMETT.BOARD_REVIEW (REVIEW_ARTICLENUMBER,REVIEW_ARTICLETITLE,REVIEW_CONTENT,REVIEW_DATE,HIT,USER_NO) values (6,'이재현님 너무 좋았어요!!','이재현님 너무 좋았어요!!!!!',to_date('22/10/31','RR/MM/DD'),99,27);
Insert into HOMETT.BOARD_REVIEW (REVIEW_ARTICLENUMBER,REVIEW_ARTICLETITLE,REVIEW_CONTENT,REVIEW_DATE,HIT,USER_NO) values (7,'남예림님 너무 좋았어요!!','남예림님 너무 좋았어요!!!!!!!!!!!!!!!!!!!!!!',to_date('22/10/31','RR/MM/DD'),104,28);
Insert into HOMETT.BOARD_REVIEW (REVIEW_ARTICLENUMBER,REVIEW_ARTICLETITLE,REVIEW_CONTENT,REVIEW_DATE,HIT,USER_NO) values (8,'오운학님 너무 좋았어요!!','오운학님 너무 좋았어요!!!!!',to_date('22/10/31','RR/MM/DD'),48,29);
Insert into HOMETT.BOARD_REVIEW (REVIEW_ARTICLENUMBER,REVIEW_ARTICLETITLE,REVIEW_CONTENT,REVIEW_DATE,HIT,USER_NO) values (9,'차현경님 너무 좋았어요!!','차현경님 너무 좋았어요!!!!!',to_date('22/10/31','RR/MM/DD'),393,30);
Insert into HOMETT.BOARD_REVIEW (REVIEW_ARTICLENUMBER,REVIEW_ARTICLETITLE,REVIEW_CONTENT,REVIEW_DATE,HIT,USER_NO) values (10,'장지원님 너무 좋았어요!!','장지원님 너무 좋았어요!!!!!',to_date('22/10/31','RR/MM/DD'),124,31);
Insert into HOMETT.BOARD_REVIEW (REVIEW_ARTICLENUMBER,REVIEW_ARTICLETITLE,REVIEW_CONTENT,REVIEW_DATE,HIT,USER_NO) values (11,'조대연님 너무 좋았어요!!','조대연님 너무 좋았어요!!!!!',to_date('22/10/31','RR/MM/DD'),394,32);
Insert into HOMETT.BOARD_REVIEW (REVIEW_ARTICLENUMBER,REVIEW_ARTICLETITLE,REVIEW_CONTENT,REVIEW_DATE,HIT,USER_NO) values (12,'임종욱님 너무 좋았어요!!','임종욱님 너무 좋았어요!!!!!',to_date('22/10/31','RR/MM/DD'),126,33);
Insert into HOMETT.BOARD_REVIEW (REVIEW_ARTICLENUMBER,REVIEW_ARTICLETITLE,REVIEW_CONTENT,REVIEW_DATE,HIT,USER_NO) values (13,'이재현님 너무 좋았어요!!','이재현님 너무 좋았어요!!!!!',to_date('22/10/31','RR/MM/DD'),100,34);
Insert into HOMETT.BOARD_REVIEW (REVIEW_ARTICLENUMBER,REVIEW_ARTICLETITLE,REVIEW_CONTENT,REVIEW_DATE,HIT,USER_NO) values (14,'남예림님 너무 좋았어요!!','남예림님 너무 좋았어요!!!!!!!!!',to_date('22/10/31','RR/MM/DD'),107,35);
Insert into HOMETT.BOARD_REVIEW (REVIEW_ARTICLENUMBER,REVIEW_ARTICLETITLE,REVIEW_CONTENT,REVIEW_DATE,HIT,USER_NO) values (15,'남예림님 감사합니다!!','<p>감사</p>',to_date('22/10/31','RR/MM/DD'),2,43);
REM INSERTING into HOMETT.COMMENTS
SET DEFINE OFF;
REM INSERTING into HOMETT.CS_EVENT
SET DEFINE OFF;
Insert into HOMETT.CS_EVENT (EVENT_ARTICLENUMBER,EVENT_ARTICLETITLE,EVENT_CONTENT,EVENT_DATE,HIT) values (1,'이벤트 합니다!!','이벤트 하니까 많이 오세요!!!',to_date('22/10/31','RR/MM/DD'),205);
Insert into HOMETT.CS_EVENT (EVENT_ARTICLENUMBER,EVENT_ARTICLETITLE,EVENT_CONTENT,EVENT_DATE,HIT) values (2,'이벤트 한다잉','이벤트 한다잉 마니 와라잉',to_date('22/10/31','RR/MM/DD'),102);
Insert into HOMETT.CS_EVENT (EVENT_ARTICLENUMBER,EVENT_ARTICLETITLE,EVENT_CONTENT,EVENT_DATE,HIT) values (3,'이벤트 한데이','이벤트 한데이 많이 오라',to_date('22/10/31','RR/MM/DD'),48);
Insert into HOMETT.CS_EVENT (EVENT_ARTICLENUMBER,EVENT_ARTICLETITLE,EVENT_CONTENT,EVENT_DATE,HIT) values (4,'이벤트 할까?','이벤트 할까 말까',to_date('22/10/31','RR/MM/DD'),392);
Insert into HOMETT.CS_EVENT (EVENT_ARTICLENUMBER,EVENT_ARTICLETITLE,EVENT_CONTENT,EVENT_DATE,HIT) values (5,'이벤트ㅋㅋㅋㅋㅋ','이벤트 ㅎㅎㅎㅎㅎㅎㅎㅎㅎ',to_date('22/10/31','RR/MM/DD'),124);
Insert into HOMETT.CS_EVENT (EVENT_ARTICLENUMBER,EVENT_ARTICLETITLE,EVENT_CONTENT,EVENT_DATE,HIT) values (6,'이벤트해유','이벤트 해유 많이들 와유',to_date('22/10/31','RR/MM/DD'),100);
Insert into HOMETT.CS_EVENT (EVENT_ARTICLENUMBER,EVENT_ARTICLETITLE,EVENT_CONTENT,EVENT_DATE,HIT) values (7,'이벤트 합니다!!','이벤트 하니까 많이 오세요!!!',to_date('22/10/31','RR/MM/DD'),103);
Insert into HOMETT.CS_EVENT (EVENT_ARTICLENUMBER,EVENT_ARTICLETITLE,EVENT_CONTENT,EVENT_DATE,HIT) values (8,'이벤트 한다잉','이벤트 한다잉 마니 와라잉',to_date('22/10/31','RR/MM/DD'),48);
Insert into HOMETT.CS_EVENT (EVENT_ARTICLENUMBER,EVENT_ARTICLETITLE,EVENT_CONTENT,EVENT_DATE,HIT) values (9,'이벤트 한데이','이벤트 한데이 많이 오라',to_date('22/10/31','RR/MM/DD'),392);
Insert into HOMETT.CS_EVENT (EVENT_ARTICLENUMBER,EVENT_ARTICLETITLE,EVENT_CONTENT,EVENT_DATE,HIT) values (10,'이벤트 할까?','이벤트 할까 말까',to_date('22/10/31','RR/MM/DD'),124);
Insert into HOMETT.CS_EVENT (EVENT_ARTICLENUMBER,EVENT_ARTICLETITLE,EVENT_CONTENT,EVENT_DATE,HIT) values (11,'이벤트ㅋㅋㅋㅋㅋ','이벤트 ㅎㅎㅎㅎㅎㅎㅎㅎㅎ',to_date('22/10/31','RR/MM/DD'),211);
Insert into HOMETT.CS_EVENT (EVENT_ARTICLENUMBER,EVENT_ARTICLETITLE,EVENT_CONTENT,EVENT_DATE,HIT) values (12,'이벤트!!','<p>이벤트 해요 ㅎㅎ</p>',to_date('22/10/31','RR/MM/DD'),2);
Insert into HOMETT.CS_EVENT (EVENT_ARTICLENUMBER,EVENT_ARTICLETITLE,EVENT_CONTENT,EVENT_DATE,HIT) values (13,'고양이','<p>귀여워!!</p>',to_date('22/10/31','RR/MM/DD'),0);
Insert into HOMETT.CS_EVENT (EVENT_ARTICLENUMBER,EVENT_ARTICLETITLE,EVENT_CONTENT,EVENT_DATE,HIT) values (14,'야옹이','<p>귀엽다옹!</p>',to_date('22/10/31','RR/MM/DD'),3);
REM INSERTING into HOMETT.CS_INQUIRY
SET DEFINE OFF;
Insert into HOMETT.CS_INQUIRY (INQUIRY_ARTICLENUMBER,INQUIRY_ARTICLETITLE,INQUIRY_CONTENT,INQUIRY_DATE,USER_NO,ANSWER_WRITER,ANSWER_CONTENT,ANSWER_DATE) values (33,'고소할거에요','고소할거에요',to_date('22/10/31','RR/MM/DD'),23,null,null,null);
Insert into HOMETT.CS_INQUIRY (INQUIRY_ARTICLENUMBER,INQUIRY_ARTICLETITLE,INQUIRY_CONTENT,INQUIRY_DATE,USER_NO,ANSWER_WRITER,ANSWER_CONTENT,ANSWER_DATE) values (31,'무니','<p>무늬</p>',to_date('22/10/31','RR/MM/DD'),43,'관리자','<p>어쩔</p>',to_date('22/10/31','RR/MM/DD'));
Insert into HOMETT.CS_INQUIRY (INQUIRY_ARTICLENUMBER,INQUIRY_ARTICLETITLE,INQUIRY_CONTENT,INQUIRY_DATE,USER_NO,ANSWER_WRITER,ANSWER_CONTENT,ANSWER_DATE) values (34,'사기당했어요','사기당했어요',to_date('22/10/31','RR/MM/DD'),24,null,null,null);
Insert into HOMETT.CS_INQUIRY (INQUIRY_ARTICLENUMBER,INQUIRY_ARTICLETITLE,INQUIRY_CONTENT,INQUIRY_DATE,USER_NO,ANSWER_WRITER,ANSWER_CONTENT,ANSWER_DATE) values (35,'고소할거에요','고소할거에요',to_date('22/10/31','RR/MM/DD'),25,null,null,null);
Insert into HOMETT.CS_INQUIRY (INQUIRY_ARTICLENUMBER,INQUIRY_ARTICLETITLE,INQUIRY_CONTENT,INQUIRY_DATE,USER_NO,ANSWER_WRITER,ANSWER_CONTENT,ANSWER_DATE) values (36,'고발합니다.','고발합니다.',to_date('22/10/31','RR/MM/DD'),27,null,null,null);
Insert into HOMETT.CS_INQUIRY (INQUIRY_ARTICLENUMBER,INQUIRY_ARTICLETITLE,INQUIRY_CONTENT,INQUIRY_DATE,USER_NO,ANSWER_WRITER,ANSWER_CONTENT,ANSWER_DATE) values (37,'사기당했어요','사기당했어요',to_date('22/10/31','RR/MM/DD'),28,'관리자','어쩌라구요',to_date('22/10/31','RR/MM/DD'));
Insert into HOMETT.CS_INQUIRY (INQUIRY_ARTICLENUMBER,INQUIRY_ARTICLETITLE,INQUIRY_CONTENT,INQUIRY_DATE,USER_NO,ANSWER_WRITER,ANSWER_CONTENT,ANSWER_DATE) values (38,'고소할거에요','고소할거에요',to_date('22/10/31','RR/MM/DD'),29,null,null,null);
Insert into HOMETT.CS_INQUIRY (INQUIRY_ARTICLENUMBER,INQUIRY_ARTICLETITLE,INQUIRY_CONTENT,INQUIRY_DATE,USER_NO,ANSWER_WRITER,ANSWER_CONTENT,ANSWER_DATE) values (39,'신고합니다!!','신고합니다!!',to_date('22/10/31','RR/MM/DD'),30,null,null,null);
Insert into HOMETT.CS_INQUIRY (INQUIRY_ARTICLENUMBER,INQUIRY_ARTICLETITLE,INQUIRY_CONTENT,INQUIRY_DATE,USER_NO,ANSWER_WRITER,ANSWER_CONTENT,ANSWER_DATE) values (40,'고발합니다.','고발합니다.',to_date('22/10/31','RR/MM/DD'),31,'관리자','마음대로 하세요',to_date('22/10/31','RR/MM/DD'));
Insert into HOMETT.CS_INQUIRY (INQUIRY_ARTICLENUMBER,INQUIRY_ARTICLETITLE,INQUIRY_CONTENT,INQUIRY_DATE,USER_NO,ANSWER_WRITER,ANSWER_CONTENT,ANSWER_DATE) values (41,'사기당했어요','사기당했어요',to_date('22/10/31','RR/MM/DD'),32,null,null,null);
Insert into HOMETT.CS_INQUIRY (INQUIRY_ARTICLENUMBER,INQUIRY_ARTICLETITLE,INQUIRY_CONTENT,INQUIRY_DATE,USER_NO,ANSWER_WRITER,ANSWER_CONTENT,ANSWER_DATE) values (42,'고소할거에요','고소할거에요',to_date('22/10/31','RR/MM/DD'),33,'관리자','마음대로 하세요',to_date('22/10/31','RR/MM/DD'));
Insert into HOMETT.CS_INQUIRY (INQUIRY_ARTICLENUMBER,INQUIRY_ARTICLETITLE,INQUIRY_CONTENT,INQUIRY_DATE,USER_NO,ANSWER_WRITER,ANSWER_CONTENT,ANSWER_DATE) values (43,'신고합니다!!','신고합니다!!',to_date('22/10/31','RR/MM/DD'),34,null,null,null);
Insert into HOMETT.CS_INQUIRY (INQUIRY_ARTICLENUMBER,INQUIRY_ARTICLETITLE,INQUIRY_CONTENT,INQUIRY_DATE,USER_NO,ANSWER_WRITER,ANSWER_CONTENT,ANSWER_DATE) values (44,'고발합니다.','고발합니다.',to_date('22/10/31','RR/MM/DD'),35,null,null,null);
Insert into HOMETT.CS_INQUIRY (INQUIRY_ARTICLENUMBER,INQUIRY_ARTICLETITLE,INQUIRY_CONTENT,INQUIRY_DATE,USER_NO,ANSWER_WRITER,ANSWER_CONTENT,ANSWER_DATE) values (45,'사기당했어요','사기당했어요',to_date('22/10/31','RR/MM/DD'),36,'관리자','어쩌라구요',to_date('22/10/31','RR/MM/DD'));
Insert into HOMETT.CS_INQUIRY (INQUIRY_ARTICLENUMBER,INQUIRY_ARTICLETITLE,INQUIRY_CONTENT,INQUIRY_DATE,USER_NO,ANSWER_WRITER,ANSWER_CONTENT,ANSWER_DATE) values (46,'고소할거에요','고소할거에요',to_date('22/10/31','RR/MM/DD'),37,null,null,null);
Insert into HOMETT.CS_INQUIRY (INQUIRY_ARTICLENUMBER,INQUIRY_ARTICLETITLE,INQUIRY_CONTENT,INQUIRY_DATE,USER_NO,ANSWER_WRITER,ANSWER_CONTENT,ANSWER_DATE) values (47,'신고합니다!!','신고합니다!!',to_date('22/10/31','RR/MM/DD'),38,null,null,null);
Insert into HOMETT.CS_INQUIRY (INQUIRY_ARTICLENUMBER,INQUIRY_ARTICLETITLE,INQUIRY_CONTENT,INQUIRY_DATE,USER_NO,ANSWER_WRITER,ANSWER_CONTENT,ANSWER_DATE) values (48,'고발합니다.','고발합니다.',to_date('22/10/31','RR/MM/DD'),39,'관리자','경찰에 신고하세요',to_date('22/10/31','RR/MM/DD'));
Insert into HOMETT.CS_INQUIRY (INQUIRY_ARTICLENUMBER,INQUIRY_ARTICLETITLE,INQUIRY_CONTENT,INQUIRY_DATE,USER_NO,ANSWER_WRITER,ANSWER_CONTENT,ANSWER_DATE) values (49,'사기당했어요','사기당했어요',to_date('22/10/31','RR/MM/DD'),40,null,null,null);
Insert into HOMETT.CS_INQUIRY (INQUIRY_ARTICLENUMBER,INQUIRY_ARTICLETITLE,INQUIRY_CONTENT,INQUIRY_DATE,USER_NO,ANSWER_WRITER,ANSWER_CONTENT,ANSWER_DATE) values (50,'고소할거에요','고소할거에요',to_date('22/10/31','RR/MM/DD'),41,null,null,null);
Insert into HOMETT.CS_INQUIRY (INQUIRY_ARTICLENUMBER,INQUIRY_ARTICLETITLE,INQUIRY_CONTENT,INQUIRY_DATE,USER_NO,ANSWER_WRITER,ANSWER_CONTENT,ANSWER_DATE) values (51,'신고합니다!!','신고합니다!!',to_date('22/10/31','RR/MM/DD'),42,'관리자','어쩌라구요',to_date('22/10/31','RR/MM/DD'));
Insert into HOMETT.CS_INQUIRY (INQUIRY_ARTICLENUMBER,INQUIRY_ARTICLETITLE,INQUIRY_CONTENT,INQUIRY_DATE,USER_NO,ANSWER_WRITER,ANSWER_CONTENT,ANSWER_DATE) values (52,'고발합니다.','고소할거에요',to_date('22/10/31','RR/MM/DD'),25,'관리자','<p>마음대로 하쇼</p>',to_date('22/10/31','RR/MM/DD'));
Insert into HOMETT.CS_INQUIRY (INQUIRY_ARTICLENUMBER,INQUIRY_ARTICLETITLE,INQUIRY_CONTENT,INQUIRY_DATE,USER_NO,ANSWER_WRITER,ANSWER_CONTENT,ANSWER_DATE) values (53,'까불지마','<p>ㅇㅇ</p>',to_date('22/10/31','RR/MM/DD'),43,'관리자','<p>너듀</p>',to_date('22/10/31','RR/MM/DD'));
Insert into HOMETT.CS_INQUIRY (INQUIRY_ARTICLENUMBER,INQUIRY_ARTICLETITLE,INQUIRY_CONTENT,INQUIRY_DATE,USER_NO,ANSWER_WRITER,ANSWER_CONTENT,ANSWER_DATE) values (54,'문의드립니다.','<p><span style="font-size: 18pt;">?</span>살려주세요. 죽을 것 같아요...</p>',to_date('22/10/31','RR/MM/DD'),46,null,null,null);
REM INSERTING into HOMETT.CS_NOTICE
SET DEFINE OFF;
Insert into HOMETT.CS_NOTICE (NOTICE_ARTICLENUMBER,NOTICE_ARTICLETITLE,NOTICE_CONTENT,NOTICE_DATE,HIT) values (1,'공지합니다!!','공지할껍니다!!',to_date('22/10/31','RR/MM/DD'),204);
Insert into HOMETT.CS_NOTICE (NOTICE_ARTICLENUMBER,NOTICE_ARTICLETITLE,NOTICE_CONTENT,NOTICE_DATE,HIT) values (2,'공지할껍니다!!','공지할까유?',to_date('22/10/31','RR/MM/DD'),102);
Insert into HOMETT.CS_NOTICE (NOTICE_ARTICLENUMBER,NOTICE_ARTICLETITLE,NOTICE_CONTENT,NOTICE_DATE,HIT) values (3,'공지할까유?','공지좀 할게유?',to_date('22/10/31','RR/MM/DD'),48);
Insert into HOMETT.CS_NOTICE (NOTICE_ARTICLENUMBER,NOTICE_ARTICLETITLE,NOTICE_CONTENT,NOTICE_DATE,HIT) values (4,'공지좀 할게유?','공지하러 왔슴다',to_date('22/10/31','RR/MM/DD'),392);
Insert into HOMETT.CS_NOTICE (NOTICE_ARTICLENUMBER,NOTICE_ARTICLETITLE,NOTICE_CONTENT,NOTICE_DATE,HIT) values (5,'공지하러 왔슴다','공지가 있어요...',to_date('22/10/31','RR/MM/DD'),124);
Insert into HOMETT.CS_NOTICE (NOTICE_ARTICLENUMBER,NOTICE_ARTICLETITLE,NOTICE_CONTENT,NOTICE_DATE,HIT) values (6,'공지가 있어요...','공지하러 왔슴다',to_date('22/10/31','RR/MM/DD'),99);
Insert into HOMETT.CS_NOTICE (NOTICE_ARTICLENUMBER,NOTICE_ARTICLETITLE,NOTICE_CONTENT,NOTICE_DATE,HIT) values (7,'공지좀 봐요','공지가 있어요...',to_date('22/10/31','RR/MM/DD'),102);
Insert into HOMETT.CS_NOTICE (NOTICE_ARTICLENUMBER,NOTICE_ARTICLETITLE,NOTICE_CONTENT,NOTICE_DATE,HIT) values (8,'공지 보라니까?','공지할까유?',to_date('22/10/31','RR/MM/DD'),48);
Insert into HOMETT.CS_NOTICE (NOTICE_ARTICLENUMBER,NOTICE_ARTICLETITLE,NOTICE_CONTENT,NOTICE_DATE,HIT) values (9,'공지 안보면 손해','공지좀 할게유?',to_date('22/10/31','RR/MM/DD'),392);
Insert into HOMETT.CS_NOTICE (NOTICE_ARTICLENUMBER,NOTICE_ARTICLETITLE,NOTICE_CONTENT,NOTICE_DATE,HIT) values (10,'공지가 있어요...','공지하러 왔슴다',to_date('22/10/31','RR/MM/DD'),124);
Insert into HOMETT.CS_NOTICE (NOTICE_ARTICLENUMBER,NOTICE_ARTICLETITLE,NOTICE_CONTENT,NOTICE_DATE,HIT) values (11,'공지좀 봐요','공지가 있어요...',to_date('22/10/31','RR/MM/DD'),204);
Insert into HOMETT.CS_NOTICE (NOTICE_ARTICLENUMBER,NOTICE_ARTICLETITLE,NOTICE_CONTENT,NOTICE_DATE,HIT) values (12,'공지합니다!!','공지할껍니다!!',to_date('22/10/31','RR/MM/DD'),204);
Insert into HOMETT.CS_NOTICE (NOTICE_ARTICLENUMBER,NOTICE_ARTICLETITLE,NOTICE_CONTENT,NOTICE_DATE,HIT) values (13,'공지할껍니다!!','공지할까유?',to_date('22/10/31','RR/MM/DD'),102);
Insert into HOMETT.CS_NOTICE (NOTICE_ARTICLENUMBER,NOTICE_ARTICLETITLE,NOTICE_CONTENT,NOTICE_DATE,HIT) values (14,'공지할까유?','공지좀 할게유?',to_date('22/10/31','RR/MM/DD'),48);
Insert into HOMETT.CS_NOTICE (NOTICE_ARTICLENUMBER,NOTICE_ARTICLETITLE,NOTICE_CONTENT,NOTICE_DATE,HIT) values (15,'공지좀 할게유?','공지하러 왔슴다',to_date('22/10/31','RR/MM/DD'),392);
Insert into HOMETT.CS_NOTICE (NOTICE_ARTICLENUMBER,NOTICE_ARTICLETITLE,NOTICE_CONTENT,NOTICE_DATE,HIT) values (16,'공지하러 왔슴다','공지가 있어요...',to_date('22/10/31','RR/MM/DD'),124);
Insert into HOMETT.CS_NOTICE (NOTICE_ARTICLENUMBER,NOTICE_ARTICLETITLE,NOTICE_CONTENT,NOTICE_DATE,HIT) values (17,'공지가 있어요...','공지하러 왔슴다',to_date('22/10/31','RR/MM/DD'),99);
Insert into HOMETT.CS_NOTICE (NOTICE_ARTICLENUMBER,NOTICE_ARTICLETITLE,NOTICE_CONTENT,NOTICE_DATE,HIT) values (18,'공지좀 봐요','공지가 있어요...',to_date('22/10/31','RR/MM/DD'),102);
Insert into HOMETT.CS_NOTICE (NOTICE_ARTICLENUMBER,NOTICE_ARTICLETITLE,NOTICE_CONTENT,NOTICE_DATE,HIT) values (19,'공지 보라니까?','공지할까유?',to_date('22/10/31','RR/MM/DD'),48);
Insert into HOMETT.CS_NOTICE (NOTICE_ARTICLENUMBER,NOTICE_ARTICLETITLE,NOTICE_CONTENT,NOTICE_DATE,HIT) values (20,'공지 안보면 손해','공지좀 할게유?',to_date('22/10/31','RR/MM/DD'),392);
Insert into HOMETT.CS_NOTICE (NOTICE_ARTICLENUMBER,NOTICE_ARTICLETITLE,NOTICE_CONTENT,NOTICE_DATE,HIT) values (21,'공지가 있어요...','공지하러 왔슴다',to_date('22/10/31','RR/MM/DD'),124);
Insert into HOMETT.CS_NOTICE (NOTICE_ARTICLENUMBER,NOTICE_ARTICLETITLE,NOTICE_CONTENT,NOTICE_DATE,HIT) values (22,'공지좀 봐요','공지가 있어요...',to_date('22/10/31','RR/MM/DD'),205);
Insert into HOMETT.CS_NOTICE (NOTICE_ARTICLENUMBER,NOTICE_ARTICLETITLE,NOTICE_CONTENT,NOTICE_DATE,HIT) values (23,'공지합니다!!','<p>공지!!</p>',to_date('22/10/31','RR/MM/DD'),2);
Insert into HOMETT.CS_NOTICE (NOTICE_ARTICLENUMBER,NOTICE_ARTICLETITLE,NOTICE_CONTENT,NOTICE_DATE,HIT) values (24,'공지좀 봐라...','nullㅇㅇ',to_date('22/10/31','RR/MM/DD'),4);
REM INSERTING into HOMETT.DAILYETCSTATISTICS
SET DEFINE OFF;
REM INSERTING into HOMETT.DAILYPARTYSTATISTICS
SET DEFINE OFF;
REM INSERTING into HOMETT.INVITATION
SET DEFINE OFF;
REM INSERTING into HOMETT.MASTER
SET DEFINE OFF;
Insert into HOMETT.MASTER (MASTER_NO,MNAME) values (1,'MASTER');
Insert into HOMETT.MASTER (MASTER_NO,MNAME) values (2,'USER');
REM INSERTING into HOMETT.MEMBER
SET DEFINE OFF;
Insert into HOMETT.MEMBER (USER_NO,MASTER_NO,USER_ID,USER_PW,USER_NAME,USER_NICK,USER_EMAIL,USER_PHONE,USER_JOIN,PARTY_NO) values (22,2,'jaehyun1','1234','이재현','jaehyun1','jaehyun@naver.com',1012345678,to_date('22/10/31','RR/MM/DD'),0);
Insert into HOMETT.MEMBER (USER_NO,MASTER_NO,USER_ID,USER_PW,USER_NAME,USER_NICK,USER_EMAIL,USER_PHONE,USER_JOIN,PARTY_NO) values (23,2,'yerim1','1234','남예림','yerim1','yerim1@naver.com',1012345679,to_date('22/10/31','RR/MM/DD'),0);
Insert into HOMETT.MEMBER (USER_NO,MASTER_NO,USER_ID,USER_PW,USER_NAME,USER_NICK,USER_EMAIL,USER_PHONE,USER_JOIN,PARTY_NO) values (24,2,'unhak1','1234','오운학','unhak1','unhak1@naver.com',1012345680,to_date('22/10/31','RR/MM/DD'),0);
Insert into HOMETT.MEMBER (USER_NO,MASTER_NO,USER_ID,USER_PW,USER_NAME,USER_NICK,USER_EMAIL,USER_PHONE,USER_JOIN,PARTY_NO) values (25,2,'daeyeon1','1234','조대연','daeyeon1','daeyeon1@naver.com',1012345681,to_date('22/10/31','RR/MM/DD'),0);
Insert into HOMETT.MEMBER (USER_NO,MASTER_NO,USER_ID,USER_PW,USER_NAME,USER_NICK,USER_EMAIL,USER_PHONE,USER_JOIN,PARTY_NO) values (26,2,'jiwon1','1234','장지원','jiwon1','jiwon1@naver.com',1012345682,to_date('22/10/31','RR/MM/DD'),0);
Insert into HOMETT.MEMBER (USER_NO,MASTER_NO,USER_ID,USER_PW,USER_NAME,USER_NICK,USER_EMAIL,USER_PHONE,USER_JOIN,PARTY_NO) values (27,2,'jongwook1','1234','임종욱','jongwook1','jongwook1@naver.com',1012345683,to_date('22/10/31','RR/MM/DD'),0);
Insert into HOMETT.MEMBER (USER_NO,MASTER_NO,USER_ID,USER_PW,USER_NAME,USER_NICK,USER_EMAIL,USER_PHONE,USER_JOIN,PARTY_NO) values (28,2,'hyunkyung1','1234','차현경','hyunkyung1','hyunkyung1@naver.com',1012345684,to_date('22/10/31','RR/MM/DD'),0);
Insert into HOMETT.MEMBER (USER_NO,MASTER_NO,USER_ID,USER_PW,USER_NAME,USER_NICK,USER_EMAIL,USER_PHONE,USER_JOIN,PARTY_NO) values (29,2,'jaehyun2','1234','이재현','jaehyun2','jaehyun@naver.com',1012345678,to_date('22/10/31','RR/MM/DD'),0);
Insert into HOMETT.MEMBER (USER_NO,MASTER_NO,USER_ID,USER_PW,USER_NAME,USER_NICK,USER_EMAIL,USER_PHONE,USER_JOIN,PARTY_NO) values (30,2,'yerim2','1234','남예림','yerim2','yerim1@naver.com',1012345679,to_date('22/10/31','RR/MM/DD'),0);
Insert into HOMETT.MEMBER (USER_NO,MASTER_NO,USER_ID,USER_PW,USER_NAME,USER_NICK,USER_EMAIL,USER_PHONE,USER_JOIN,PARTY_NO) values (31,2,'unhak2','1234','오운학','unhak2','unhak1@naver.com',1012345680,to_date('22/10/31','RR/MM/DD'),0);
Insert into HOMETT.MEMBER (USER_NO,MASTER_NO,USER_ID,USER_PW,USER_NAME,USER_NICK,USER_EMAIL,USER_PHONE,USER_JOIN,PARTY_NO) values (32,2,'daeyeon2','1234','조대연','daeyeon2','daeyeon1@naver.com',1012345681,to_date('22/10/31','RR/MM/DD'),0);
Insert into HOMETT.MEMBER (USER_NO,MASTER_NO,USER_ID,USER_PW,USER_NAME,USER_NICK,USER_EMAIL,USER_PHONE,USER_JOIN,PARTY_NO) values (33,2,'jiwon2','1234','장지원','jiwon2','jiwon1@naver.com',1012345682,to_date('22/10/31','RR/MM/DD'),0);
Insert into HOMETT.MEMBER (USER_NO,MASTER_NO,USER_ID,USER_PW,USER_NAME,USER_NICK,USER_EMAIL,USER_PHONE,USER_JOIN,PARTY_NO) values (34,2,'jongwook2','1234','임종욱','jongwook2','jongwook1@naver.com',1012345683,to_date('22/10/31','RR/MM/DD'),0);
Insert into HOMETT.MEMBER (USER_NO,MASTER_NO,USER_ID,USER_PW,USER_NAME,USER_NICK,USER_EMAIL,USER_PHONE,USER_JOIN,PARTY_NO) values (35,2,'hyunkyung2','1234','차현경','hyunkyung2','hyunkyung1@naver.com',1012345684,to_date('22/10/31','RR/MM/DD'),0);
Insert into HOMETT.MEMBER (USER_NO,MASTER_NO,USER_ID,USER_PW,USER_NAME,USER_NICK,USER_EMAIL,USER_PHONE,USER_JOIN,PARTY_NO) values (36,2,'jaehyun3','1234','이재현','jaehyun3','jaehyun@naver.com',1012345678,to_date('22/10/31','RR/MM/DD'),0);
Insert into HOMETT.MEMBER (USER_NO,MASTER_NO,USER_ID,USER_PW,USER_NAME,USER_NICK,USER_EMAIL,USER_PHONE,USER_JOIN,PARTY_NO) values (37,2,'yerim3','1234','남예림','yerim3','yerim1@naver.com',1012345679,to_date('22/10/31','RR/MM/DD'),0);
Insert into HOMETT.MEMBER (USER_NO,MASTER_NO,USER_ID,USER_PW,USER_NAME,USER_NICK,USER_EMAIL,USER_PHONE,USER_JOIN,PARTY_NO) values (38,2,'unhak3','1234','오운학','unhak3','unhak1@naver.com',1012345680,to_date('22/10/31','RR/MM/DD'),0);
Insert into HOMETT.MEMBER (USER_NO,MASTER_NO,USER_ID,USER_PW,USER_NAME,USER_NICK,USER_EMAIL,USER_PHONE,USER_JOIN,PARTY_NO) values (39,2,'daeyeon3','1234','조대연','daeyeon3','daeyeon1@naver.com',1012345681,to_date('22/10/31','RR/MM/DD'),0);
Insert into HOMETT.MEMBER (USER_NO,MASTER_NO,USER_ID,USER_PW,USER_NAME,USER_NICK,USER_EMAIL,USER_PHONE,USER_JOIN,PARTY_NO) values (40,2,'jiwon3','1234','장지원','jiwon3','jiwon1@naver.com',1012345682,to_date('22/10/31','RR/MM/DD'),0);
Insert into HOMETT.MEMBER (USER_NO,MASTER_NO,USER_ID,USER_PW,USER_NAME,USER_NICK,USER_EMAIL,USER_PHONE,USER_JOIN,PARTY_NO) values (41,2,'jongwook3','1234','임종욱','jongwook3','jongwook1@naver.com',1012345683,to_date('22/10/31','RR/MM/DD'),0);
Insert into HOMETT.MEMBER (USER_NO,MASTER_NO,USER_ID,USER_PW,USER_NAME,USER_NICK,USER_EMAIL,USER_PHONE,USER_JOIN,PARTY_NO) values (42,2,'hyunkyung3','1234','차현경','hyunkyung3','hyunkyung1@naver.com',1012345684,to_date('22/10/31','RR/MM/DD'),0);
Insert into HOMETT.MEMBER (USER_NO,MASTER_NO,USER_ID,USER_PW,USER_NAME,USER_NICK,USER_EMAIL,USER_PHONE,USER_JOIN,PARTY_NO) values (43,2,'jaehyun11','1234','이재현','닉닉','jaehyun@naver.com',1039203930,to_date('22/10/31','RR/MM/DD'),null);
Insert into HOMETT.MEMBER (USER_NO,MASTER_NO,USER_ID,USER_PW,USER_NAME,USER_NICK,USER_EMAIL,USER_PHONE,USER_JOIN,PARTY_NO) values (44,2,'jaehyun00','1234','이재현','이재현닉닉','jaehyun@naver.com',1047854418,to_date('22/10/31','RR/MM/DD'),null);
Insert into HOMETT.MEMBER (USER_NO,MASTER_NO,USER_ID,USER_PW,USER_NAME,USER_NICK,USER_EMAIL,USER_PHONE,USER_JOIN,PARTY_NO) values (45,2,'jaehyun111','1234','이재현','이재혀닉','jaehyun172@naver.com',1047854418,to_date('22/10/31','RR/MM/DD'),null);
REM INSERTING into HOMETT.MONTHLYETCSTATISTICS
SET DEFINE OFF;
REM INSERTING into HOMETT.MONTHLYPARTYSTATISTICS
SET DEFINE OFF;
REM INSERTING into HOMETT.PARTY
SET DEFINE OFF;
Insert into HOMETT.PARTY (PARTY_NO,PARTY_KIND,PARTY_ENDDATE,PARTY_NAME,PARTY_RULE,USER_NO,PAYMENTAMOUNT,PARTY_PERIOD,PARTY_MEMBER,BOARD_CANO,PARTY_CREDATE,PARTY_LEADER,OTT_ID,OTT_PW,PARTY_NOTICE,PARTY_ROOM_NO) values (82,'애플',to_date('22/10/31','RR/MM/DD'),'드루와','나갈꺼야? 정말?',19,16000,to_date('23/10/12','RR/MM/DD'),4,null,to_date('22/05/17','RR/MM/DD'),'OTT중독자','waveid','wavepw','댓글 달지마세요',19);
Insert into HOMETT.PARTY (PARTY_NO,PARTY_KIND,PARTY_ENDDATE,PARTY_NAME,PARTY_RULE,USER_NO,PAYMENTAMOUNT,PARTY_PERIOD,PARTY_MEMBER,BOARD_CANO,PARTY_CREDATE,PARTY_LEADER,OTT_ID,OTT_PW,PARTY_NOTICE,PARTY_ROOM_NO) values (83,'웨이브',to_date('22/10/31','RR/MM/DD'),'드루와드루와','나가면 쌩깜',20,20000,to_date('23/10/13','RR/MM/DD'),3,null,to_date('22/05/18','RR/MM/DD'),'같이봐','laftelid','laftelpw','전화번호 묻지마세요',20);
Insert into HOMETT.PARTY (PARTY_NO,PARTY_KIND,PARTY_ENDDATE,PARTY_NAME,PARTY_RULE,USER_NO,PAYMENTAMOUNT,PARTY_PERIOD,PARTY_MEMBER,BOARD_CANO,PARTY_CREDATE,PARTY_LEADER,OTT_ID,OTT_PW,PARTY_NOTICE,PARTY_ROOM_NO) values (84,'티빙',to_date('22/10/31','RR/MM/DD'),'같이보자♥','나가면 혼나요',21,8000,to_date('23/10/14','RR/MM/DD'),4,null,to_date('22/05/19','RR/MM/DD'),'comeon','tvingid','tvingpw','제 프로필로 보지마세요',21);
Insert into HOMETT.PARTY (PARTY_NO,PARTY_KIND,PARTY_ENDDATE,PARTY_NAME,PARTY_RULE,USER_NO,PAYMENTAMOUNT,PARTY_PERIOD,PARTY_MEMBER,BOARD_CANO,PARTY_CREDATE,PARTY_LEADER,OTT_ID,OTT_PW,PARTY_NOTICE,PARTY_ROOM_NO) values (85,'왓챠',to_date('22/10/31','RR/MM/DD'),'티빙 좋아요','나가지말아줘….',17,24000,to_date('23/10/10','RR/MM/DD'),3,null,to_date('22/05/15','RR/MM/DD'),'내가짱','appid','apppw','공유 좋아요',17);
Insert into HOMETT.PARTY (PARTY_NO,PARTY_KIND,PARTY_ENDDATE,PARTY_NAME,PARTY_RULE,USER_NO,PAYMENTAMOUNT,PARTY_PERIOD,PARTY_MEMBER,BOARD_CANO,PARTY_CREDATE,PARTY_LEADER,OTT_ID,OTT_PW,PARTY_NOTICE,PARTY_ROOM_NO) values (86,'티빙',to_date('22/10/31','RR/MM/DD'),'애플 좋아요','나가면 미워요',18,12000,to_date('23/10/11','RR/MM/DD'),3,null,to_date('22/05/16','RR/MM/DD'),'공유쟁이','wachaid','wachapw','정모할까요?',18);
Insert into HOMETT.PARTY (PARTY_NO,PARTY_KIND,PARTY_ENDDATE,PARTY_NAME,PARTY_RULE,USER_NO,PAYMENTAMOUNT,PARTY_PERIOD,PARTY_MEMBER,BOARD_CANO,PARTY_CREDATE,PARTY_LEADER,OTT_ID,OTT_PW,PARTY_NOTICE,PARTY_ROOM_NO) values (87,'디즈니플러스',to_date('23/10/13','RR/MM/DD'),'애플 좋아요','나가면 미워요',9,12000,to_date('23/10/13','RR/MM/DD'),3,null,to_date('22/05/18','RR/MM/DD'),'내가짱','disneyid','disneypw','제 프로필로 보지마세요',9);
Insert into HOMETT.PARTY (PARTY_NO,PARTY_KIND,PARTY_ENDDATE,PARTY_NAME,PARTY_RULE,USER_NO,PAYMENTAMOUNT,PARTY_PERIOD,PARTY_MEMBER,BOARD_CANO,PARTY_CREDATE,PARTY_LEADER,OTT_ID,OTT_PW,PARTY_NOTICE,PARTY_ROOM_NO) values (88,'티빙',to_date('23/10/14','RR/MM/DD'),'드루와','나갈꺼야? 정말?',10,16000,to_date('23/10/14','RR/MM/DD'),4,null,to_date('22/05/19','RR/MM/DD'),'공유쟁이','appid','apppw','잘부탁드립니다 :)',10);
Insert into HOMETT.PARTY (PARTY_NO,PARTY_KIND,PARTY_ENDDATE,PARTY_NAME,PARTY_RULE,USER_NO,PAYMENTAMOUNT,PARTY_PERIOD,PARTY_MEMBER,BOARD_CANO,PARTY_CREDATE,PARTY_LEADER,OTT_ID,OTT_PW,PARTY_NOTICE,PARTY_ROOM_NO) values (89,'애플',to_date('23/10/15','RR/MM/DD'),'드루와드루와','나가면 쌩깜',11,20000,to_date('23/10/15','RR/MM/DD'),3,null,to_date('22/05/20','RR/MM/DD'),'OTT중독자','wachaid','wachapw','공유 좋아요',11);
Insert into HOMETT.PARTY (PARTY_NO,PARTY_KIND,PARTY_ENDDATE,PARTY_NAME,PARTY_RULE,USER_NO,PAYMENTAMOUNT,PARTY_PERIOD,PARTY_MEMBER,BOARD_CANO,PARTY_CREDATE,PARTY_LEADER,OTT_ID,OTT_PW,PARTY_NOTICE,PARTY_ROOM_NO) values (90,'웨이브',to_date('23/10/16','RR/MM/DD'),'같이보자♥','나가지마세요',12,4000,to_date('23/10/16','RR/MM/DD'),3,null,to_date('22/05/21','RR/MM/DD'),'같이봐','waveid','wavepw','정모할까요?',12);
Insert into HOMETT.PARTY (PARTY_NO,PARTY_KIND,PARTY_ENDDATE,PARTY_NAME,PARTY_RULE,USER_NO,PAYMENTAMOUNT,PARTY_PERIOD,PARTY_MEMBER,BOARD_CANO,PARTY_CREDATE,PARTY_LEADER,OTT_ID,OTT_PW,PARTY_NOTICE,PARTY_ROOM_NO) values (91,'왓챠',to_date('23/10/17','RR/MM/DD'),'너만 와♥','나가면 혼나요',13,8000,to_date('23/10/17','RR/MM/DD'),4,null,to_date('22/05/22','RR/MM/DD'),'comeon','laftelid','laftelpw','댓글 달지마세요',13);
Insert into HOMETT.PARTY (PARTY_NO,PARTY_KIND,PARTY_ENDDATE,PARTY_NAME,PARTY_RULE,USER_NO,PAYMENTAMOUNT,PARTY_PERIOD,PARTY_MEMBER,BOARD_CANO,PARTY_CREDATE,PARTY_LEADER,OTT_ID,OTT_PW,PARTY_NOTICE,PARTY_ROOM_NO) values (92,'라프텔',to_date('23/10/18','RR/MM/DD'),'싸게보자','나가면 미워요',14,12000,to_date('23/10/18','RR/MM/DD'),3,null,to_date('22/05/23','RR/MM/DD'),'hello','tvingid','tvingpw','전화번호 묻지마세요',14);
Insert into HOMETT.PARTY (PARTY_NO,PARTY_KIND,PARTY_ENDDATE,PARTY_NAME,PARTY_RULE,USER_NO,PAYMENTAMOUNT,PARTY_PERIOD,PARTY_MEMBER,BOARD_CANO,PARTY_CREDATE,PARTY_LEADER,OTT_ID,OTT_PW,PARTY_NOTICE,PARTY_ROOM_NO) values (93,'넷플릭스',to_date('23/10/15','RR/MM/DD'),'싸게보자','나갈꺼야? 정말?',23,16000,to_date('23/10/16','RR/MM/DD'),2,null,to_date('22/10/31','RR/MM/DD'),'hihi','disneyid','disneypw','공유 좋아요',23);
Insert into HOMETT.PARTY (PARTY_NO,PARTY_KIND,PARTY_ENDDATE,PARTY_NAME,PARTY_RULE,USER_NO,PAYMENTAMOUNT,PARTY_PERIOD,PARTY_MEMBER,BOARD_CANO,PARTY_CREDATE,PARTY_LEADER,OTT_ID,OTT_PW,PARTY_NOTICE,PARTY_ROOM_NO) values (94,'디즈니플러스',to_date('23/10/16','RR/MM/DD'),'넷플 좋아요','나가지마세요',24,4000,to_date('23/10/17','RR/MM/DD'),3,null,to_date('22/10/31','RR/MM/DD'),'zzangzzang','appid','apppw','정모할까요?',24);
Insert into HOMETT.PARTY (PARTY_NO,PARTY_KIND,PARTY_ENDDATE,PARTY_NAME,PARTY_RULE,USER_NO,PAYMENTAMOUNT,PARTY_PERIOD,PARTY_MEMBER,BOARD_CANO,PARTY_CREDATE,PARTY_LEADER,OTT_ID,OTT_PW,PARTY_NOTICE,PARTY_ROOM_NO) values (95,'티빙',to_date('23/10/17','RR/MM/DD'),'디즈니 좋아요','나가면 혼나요',25,8000,to_date('23/10/18','RR/MM/DD'),4,null,to_date('22/10/31','RR/MM/DD'),'내가짱','wachaid','wachapw','댓글 달지마세요',25);
Insert into HOMETT.PARTY (PARTY_NO,PARTY_KIND,PARTY_ENDDATE,PARTY_NAME,PARTY_RULE,USER_NO,PAYMENTAMOUNT,PARTY_PERIOD,PARTY_MEMBER,BOARD_CANO,PARTY_CREDATE,PARTY_LEADER,OTT_ID,OTT_PW,PARTY_NOTICE,PARTY_ROOM_NO) values (96,'애플',to_date('23/10/18','RR/MM/DD'),'티빙 좋아요','나가면 미워요',26,12000,to_date('23/10/19','RR/MM/DD'),3,null,to_date('22/10/31','RR/MM/DD'),'공유쟁이','waveid','wavepw','전화번호 묻지마세요',26);
Insert into HOMETT.PARTY (PARTY_NO,PARTY_KIND,PARTY_ENDDATE,PARTY_NAME,PARTY_RULE,USER_NO,PAYMENTAMOUNT,PARTY_PERIOD,PARTY_MEMBER,BOARD_CANO,PARTY_CREDATE,PARTY_LEADER,OTT_ID,OTT_PW,PARTY_NOTICE,PARTY_ROOM_NO) values (97,'티빙',to_date('23/10/06','RR/MM/DD'),'애플 좋아요','나갈꺼야? 정말?',27,16000,to_date('23/10/20','RR/MM/DD'),3,null,to_date('22/10/31','RR/MM/DD'),'OTT중독자','laftelid','laftelpw','제 프로필로 보지마세요',27);
Insert into HOMETT.PARTY (PARTY_NO,PARTY_KIND,PARTY_ENDDATE,PARTY_NAME,PARTY_RULE,USER_NO,PAYMENTAMOUNT,PARTY_PERIOD,PARTY_MEMBER,BOARD_CANO,PARTY_CREDATE,PARTY_LEADER,OTT_ID,OTT_PW,PARTY_NOTICE,PARTY_ROOM_NO) values (98,'넷플릭스',to_date('23/10/07','RR/MM/DD'),'드루와','나가면 쌩깜',28,20000,to_date('23/10/21','RR/MM/DD'),2,null,to_date('22/10/31','RR/MM/DD'),'같이봐','tvingid','tvingpw','잘부탁드립니다 :)',28);
Insert into HOMETT.PARTY (PARTY_NO,PARTY_KIND,PARTY_ENDDATE,PARTY_NAME,PARTY_RULE,USER_NO,PAYMENTAMOUNT,PARTY_PERIOD,PARTY_MEMBER,BOARD_CANO,PARTY_CREDATE,PARTY_LEADER,OTT_ID,OTT_PW,PARTY_NOTICE,PARTY_ROOM_NO) values (99,'티빙',to_date('22/10/31','RR/MM/DD'),'같이보자♥','나갈꺼야? 정말?',37,16000,to_date('23/10/13','RR/MM/DD'),3,null,to_date('22/05/21','RR/MM/DD'),'comeon','disneyid','disneypw','댓글 달지마세요',37);
Insert into HOMETT.PARTY (PARTY_NO,PARTY_KIND,PARTY_ENDDATE,PARTY_NAME,PARTY_RULE,USER_NO,PAYMENTAMOUNT,PARTY_PERIOD,PARTY_MEMBER,BOARD_CANO,PARTY_CREDATE,PARTY_LEADER,OTT_ID,OTT_PW,PARTY_NOTICE,PARTY_ROOM_NO) values (100,'애플',to_date('22/10/31','RR/MM/DD'),'너만 와♥','나가면 쌩깜',38,20000,to_date('23/10/14','RR/MM/DD'),3,null,to_date('22/05/22','RR/MM/DD'),'hello','appid','apppw','전화번호 묻지마세요',38);
Insert into HOMETT.PARTY (PARTY_NO,PARTY_KIND,PARTY_ENDDATE,PARTY_NAME,PARTY_RULE,USER_NO,PAYMENTAMOUNT,PARTY_PERIOD,PARTY_MEMBER,BOARD_CANO,PARTY_CREDATE,PARTY_LEADER,OTT_ID,OTT_PW,PARTY_NOTICE,PARTY_ROOM_NO) values (101,'웨이브',to_date('22/10/31','RR/MM/DD'),'디즈니 좋아요','나가지말아줘….',39,24000,to_date('23/10/15','RR/MM/DD'),2,null,to_date('22/05/23','RR/MM/DD'),'hihi','wachaid','wachapw','제 프로필로 보지마세요',39);
Insert into HOMETT.PARTY (PARTY_NO,PARTY_KIND,PARTY_ENDDATE,PARTY_NAME,PARTY_RULE,USER_NO,PAYMENTAMOUNT,PARTY_PERIOD,PARTY_MEMBER,BOARD_CANO,PARTY_CREDATE,PARTY_LEADER,OTT_ID,OTT_PW,PARTY_NOTICE,PARTY_ROOM_NO) values (102,'왓챠',to_date('22/10/31','RR/MM/DD'),'티빙 좋아요','나갈꺼야? 정말?',40,16000,to_date('23/10/16','RR/MM/DD'),3,null,to_date('22/05/24','RR/MM/DD'),'zzangzzang','waveid','wavepw','잘부탁드립니다 :)',40);
Insert into HOMETT.PARTY (PARTY_NO,PARTY_KIND,PARTY_ENDDATE,PARTY_NAME,PARTY_RULE,USER_NO,PAYMENTAMOUNT,PARTY_PERIOD,PARTY_MEMBER,BOARD_CANO,PARTY_CREDATE,PARTY_LEADER,OTT_ID,OTT_PW,PARTY_NOTICE,PARTY_ROOM_NO) values (103,'라프텔',to_date('22/10/31','RR/MM/DD'),'애플 좋아요','나가면 쌩깜',41,20000,to_date('23/10/17','RR/MM/DD'),3,null,to_date('22/05/25','RR/MM/DD'),'내가짱','laftelid','laftelpw','공유 좋아요',41);
Insert into HOMETT.PARTY (PARTY_NO,PARTY_KIND,PARTY_ENDDATE,PARTY_NAME,PARTY_RULE,USER_NO,PAYMENTAMOUNT,PARTY_PERIOD,PARTY_MEMBER,BOARD_CANO,PARTY_CREDATE,PARTY_LEADER,OTT_ID,OTT_PW,PARTY_NOTICE,PARTY_ROOM_NO) values (104,'웨이브',to_date('23/10/09','RR/MM/DD'),'같이보자♥','나가면 혼나요',30,8000,to_date('23/10/23','RR/MM/DD'),3,null,to_date('22/10/31','RR/MM/DD'),'hello','disneyid','disneypw','정모할까요?',30);
Insert into HOMETT.PARTY (PARTY_NO,PARTY_KIND,PARTY_ENDDATE,PARTY_NAME,PARTY_RULE,USER_NO,PAYMENTAMOUNT,PARTY_PERIOD,PARTY_MEMBER,BOARD_CANO,PARTY_CREDATE,PARTY_LEADER,OTT_ID,OTT_PW,PARTY_NOTICE,PARTY_ROOM_NO) values (105,'왓챠',to_date('23/10/10','RR/MM/DD'),'너만 와♥','나가면 미워요',31,12000,to_date('23/10/24','RR/MM/DD'),3,null,to_date('22/10/31','RR/MM/DD'),'hihi','appid','apppw','댓글 달지마세요',31);
Insert into HOMETT.PARTY (PARTY_NO,PARTY_KIND,PARTY_ENDDATE,PARTY_NAME,PARTY_RULE,USER_NO,PAYMENTAMOUNT,PARTY_PERIOD,PARTY_MEMBER,BOARD_CANO,PARTY_CREDATE,PARTY_LEADER,OTT_ID,OTT_PW,PARTY_NOTICE,PARTY_ROOM_NO) values (106,'라프텔',to_date('23/10/11','RR/MM/DD'),'싸게보자','나갈꺼야? 정말?',32,16000,to_date('23/10/10','RR/MM/DD'),2,null,to_date('22/10/31','RR/MM/DD'),'zzangzzang','wachaid','wachapw','전화번호 묻지마세요',32);
REM INSERTING into HOMETT.PARTY_BOARD
SET DEFINE OFF;
Insert into HOMETT.PARTY_BOARD (PARTY_BOARDNO,PARTY_NO,COMMENTS_NO,BOARD_CODE,BOARD_NO,PARTY_BOARDWRITE,PARTY_BOARDWRITER,PARTY_BOARDTITLE,PARTY_COMMENTS,USER_NO,BOARD_CANO,ADMIN_NO) values (3,null,null,null,null,null,'jaehyun22','하이루',null,null,null,null);
REM INSERTING into HOMETT.PARTY_ROOM
SET DEFINE OFF;
Insert into HOMETT.PARTY_ROOM (PARTY_ROOM_NO,PARTY_NO,USER_NO) values (1,19,22);
Insert into HOMETT.PARTY_ROOM (PARTY_ROOM_NO,PARTY_NO,USER_NO) values (2,20,23);
Insert into HOMETT.PARTY_ROOM (PARTY_ROOM_NO,PARTY_NO,USER_NO) values (3,21,24);
Insert into HOMETT.PARTY_ROOM (PARTY_ROOM_NO,PARTY_NO,USER_NO) values (4,22,25);
Insert into HOMETT.PARTY_ROOM (PARTY_ROOM_NO,PARTY_NO,USER_NO) values (5,23,26);
Insert into HOMETT.PARTY_ROOM (PARTY_ROOM_NO,PARTY_NO,USER_NO) values (6,24,27);
Insert into HOMETT.PARTY_ROOM (PARTY_ROOM_NO,PARTY_NO,USER_NO) values (7,25,28);
Insert into HOMETT.PARTY_ROOM (PARTY_ROOM_NO,PARTY_NO,USER_NO) values (8,26,29);
Insert into HOMETT.PARTY_ROOM (PARTY_ROOM_NO,PARTY_NO,USER_NO) values (9,27,30);
Insert into HOMETT.PARTY_ROOM (PARTY_ROOM_NO,PARTY_NO,USER_NO) values (10,28,31);
Insert into HOMETT.PARTY_ROOM (PARTY_ROOM_NO,PARTY_NO,USER_NO) values (11,29,32);
Insert into HOMETT.PARTY_ROOM (PARTY_ROOM_NO,PARTY_NO,USER_NO) values (12,30,33);
Insert into HOMETT.PARTY_ROOM (PARTY_ROOM_NO,PARTY_NO,USER_NO) values (13,31,34);
Insert into HOMETT.PARTY_ROOM (PARTY_ROOM_NO,PARTY_NO,USER_NO) values (14,32,35);
Insert into HOMETT.PARTY_ROOM (PARTY_ROOM_NO,PARTY_NO,USER_NO) values (15,33,36);
Insert into HOMETT.PARTY_ROOM (PARTY_ROOM_NO,PARTY_NO,USER_NO) values (16,34,37);
Insert into HOMETT.PARTY_ROOM (PARTY_ROOM_NO,PARTY_NO,USER_NO) values (17,35,38);
Insert into HOMETT.PARTY_ROOM (PARTY_ROOM_NO,PARTY_NO,USER_NO) values (0,105,46);
REM INSERTING into HOMETT.PAYMENT
SET DEFINE OFF;
Insert into HOMETT.PAYMENT (PAY_NO,ORDER_NO,USER_NO,PARTY_NO,PAYMENTMETHOD,USER_CARDCOM,PAYMENT_AMOUNT,PAYMENT_DATE) values ('imp_939123820475','merchant_1667137125181',26,23,'card','현대카드',4000,to_date('22/10/31','RR/MM/DD'));
Insert into HOMETT.PAYMENT (PAY_NO,ORDER_NO,USER_NO,PARTY_NO,PAYMENTMETHOD,USER_CARDCOM,PAYMENT_AMOUNT,PAYMENT_DATE) values ('imp_939161230434','merchant_1642137425181',27,24,'card','신한카드',8000,to_date('22/10/31','RR/MM/DD'));
Insert into HOMETT.PAYMENT (PAY_NO,ORDER_NO,USER_NO,PARTY_NO,PAYMENTMETHOD,USER_CARDCOM,PAYMENT_AMOUNT,PAYMENT_DATE) values ('imp_934253820476','merchant_1667324124481',28,25,'card','우리카드',12000,to_date('22/10/31','RR/MM/DD'));
Insert into HOMETT.PAYMENT (PAY_NO,ORDER_NO,USER_NO,PARTY_NO,PAYMENTMETHOD,USER_CARDCOM,PAYMENT_AMOUNT,PAYMENT_DATE) values ('imp_939123824353','merchant_1667667125132',29,26,'card','비씨카드',16000,to_date('22/10/31','RR/MM/DD'));
Insert into HOMETT.PAYMENT (PAY_NO,ORDER_NO,USER_NO,PARTY_NO,PAYMENTMETHOD,USER_CARDCOM,PAYMENT_AMOUNT,PAYMENT_DATE) values ('imp_939123874234','merchant_1675647125123',30,27,'card','삼성카드',20000,to_date('22/10/31','RR/MM/DD'));
Insert into HOMETT.PAYMENT (PAY_NO,ORDER_NO,USER_NO,PARTY_NO,PAYMENTMETHOD,USER_CARDCOM,PAYMENT_AMOUNT,PAYMENT_DATE) values ('imp_93433820546','merchant_1667537125564',31,28,'card','현대카드',24000,to_date('22/10/31','RR/MM/DD'));
Insert into HOMETT.PAYMENT (PAY_NO,ORDER_NO,USER_NO,PARTY_NO,PAYMENTMETHOD,USER_CARDCOM,PAYMENT_AMOUNT,PAYMENT_DATE) values ('imp_919904101317','merchant_1667205904274',46,105,'card','현대카드',12000,to_date('22/10/31','RR/MM/DD'));
REM INSERTING into HOMETT.REPORT
SET DEFINE OFF;
Insert into HOMETT.REPORT (REPORT_NO,REPORT_CONTENT,REPORT_TARGET,REPORTER,REPORT_PARTY,REPORT_DATE,USER_NO,PARTY_NO,PARTY_BOARDNO,BOARD_CODE,BOARD_CANO) values (1,'사기당했어요','jaehyun1','yerim1','드루와',to_date('22/10/31','RR/MM/DD'),22,19,null,null,null);
Insert into HOMETT.REPORT (REPORT_NO,REPORT_CONTENT,REPORT_TARGET,REPORTER,REPORT_PARTY,REPORT_DATE,USER_NO,PARTY_NO,PARTY_BOARDNO,BOARD_CODE,BOARD_CANO) values (2,'고소할거에요','yerim1','unhak1','드루와드루와',to_date('22/10/31','RR/MM/DD'),23,20,null,null,null);
Insert into HOMETT.REPORT (REPORT_NO,REPORT_CONTENT,REPORT_TARGET,REPORTER,REPORT_PARTY,REPORT_DATE,USER_NO,PARTY_NO,PARTY_BOARDNO,BOARD_CODE,BOARD_CANO) values (3,'사기당했어요','unhak1','daeyeon1','같이보자♥',to_date('22/10/31','RR/MM/DD'),24,21,null,null,null);
Insert into HOMETT.REPORT (REPORT_NO,REPORT_CONTENT,REPORT_TARGET,REPORTER,REPORT_PARTY,REPORT_DATE,USER_NO,PARTY_NO,PARTY_BOARDNO,BOARD_CODE,BOARD_CANO) values (4,'고소할거에요','daeyeon1','jiwon1','너만 와♥',to_date('22/10/31','RR/MM/DD'),25,22,null,null,null);
Insert into HOMETT.REPORT (REPORT_NO,REPORT_CONTENT,REPORT_TARGET,REPORTER,REPORT_PARTY,REPORT_DATE,USER_NO,PARTY_NO,PARTY_BOARDNO,BOARD_CODE,BOARD_CANO) values (5,'신고합니다!!','jiwon1','jongwook1','싸게보자',to_date('22/10/31','RR/MM/DD'),26,23,null,null,null);
Insert into HOMETT.REPORT (REPORT_NO,REPORT_CONTENT,REPORT_TARGET,REPORTER,REPORT_PARTY,REPORT_DATE,USER_NO,PARTY_NO,PARTY_BOARDNO,BOARD_CODE,BOARD_CANO) values (6,'고발합니다.','jongwook1','hyunkyung1','넷플 좋아요',to_date('22/10/31','RR/MM/DD'),27,24,null,null,null);
Insert into HOMETT.REPORT (REPORT_NO,REPORT_CONTENT,REPORT_TARGET,REPORTER,REPORT_PARTY,REPORT_DATE,USER_NO,PARTY_NO,PARTY_BOARDNO,BOARD_CODE,BOARD_CANO) values (7,'사기당했어요','hyunkyung1','jaehyun2','디즈니 좋아요',to_date('22/10/31','RR/MM/DD'),28,25,null,null,null);
Insert into HOMETT.REPORT (REPORT_NO,REPORT_CONTENT,REPORT_TARGET,REPORTER,REPORT_PARTY,REPORT_DATE,USER_NO,PARTY_NO,PARTY_BOARDNO,BOARD_CODE,BOARD_CANO) values (8,'고소할거에요','jaehyun2','yerim2','티빙 좋아요',to_date('22/10/31','RR/MM/DD'),29,26,null,null,null);
Insert into HOMETT.REPORT (REPORT_NO,REPORT_CONTENT,REPORT_TARGET,REPORTER,REPORT_PARTY,REPORT_DATE,USER_NO,PARTY_NO,PARTY_BOARDNO,BOARD_CODE,BOARD_CANO) values (9,'신고합니다!!','yerim2','unhak2','애플 좋아요',to_date('22/10/31','RR/MM/DD'),30,27,null,null,null);
Insert into HOMETT.REPORT (REPORT_NO,REPORT_CONTENT,REPORT_TARGET,REPORTER,REPORT_PARTY,REPORT_DATE,USER_NO,PARTY_NO,PARTY_BOARDNO,BOARD_CODE,BOARD_CANO) values (10,'고발합니다.','unhak2','daeyeon2','드루와',to_date('22/10/31','RR/MM/DD'),31,28,null,null,null);
Insert into HOMETT.REPORT (REPORT_NO,REPORT_CONTENT,REPORT_TARGET,REPORTER,REPORT_PARTY,REPORT_DATE,USER_NO,PARTY_NO,PARTY_BOARDNO,BOARD_CODE,BOARD_CANO) values (11,'사기당했어요','daeyeon2','jiwon2','드루와드루와',to_date('22/10/31','RR/MM/DD'),32,29,null,null,null);
Insert into HOMETT.REPORT (REPORT_NO,REPORT_CONTENT,REPORT_TARGET,REPORTER,REPORT_PARTY,REPORT_DATE,USER_NO,PARTY_NO,PARTY_BOARDNO,BOARD_CODE,BOARD_CANO) values (12,'고소할거에요','jiwon2','jongwook2','같이보자♥',to_date('22/10/31','RR/MM/DD'),33,30,null,null,null);
Insert into HOMETT.REPORT (REPORT_NO,REPORT_CONTENT,REPORT_TARGET,REPORTER,REPORT_PARTY,REPORT_DATE,USER_NO,PARTY_NO,PARTY_BOARDNO,BOARD_CODE,BOARD_CANO) values (13,'신고합니다!!','jongwook2','hyunkyung2','너만 와♥',to_date('22/10/31','RR/MM/DD'),34,31,null,null,null);
Insert into HOMETT.REPORT (REPORT_NO,REPORT_CONTENT,REPORT_TARGET,REPORTER,REPORT_PARTY,REPORT_DATE,USER_NO,PARTY_NO,PARTY_BOARDNO,BOARD_CODE,BOARD_CANO) values (14,'고발합니다.','hyunkyung2','jaehyun3','싸게보자',to_date('22/10/31','RR/MM/DD'),35,32,null,null,null);
Insert into HOMETT.REPORT (REPORT_NO,REPORT_CONTENT,REPORT_TARGET,REPORTER,REPORT_PARTY,REPORT_DATE,USER_NO,PARTY_NO,PARTY_BOARDNO,BOARD_CODE,BOARD_CANO) values (15,'사기당했어요','jaehyun3','yerim3','넷플 좋아요',to_date('22/10/31','RR/MM/DD'),36,33,null,null,null);
Insert into HOMETT.REPORT (REPORT_NO,REPORT_CONTENT,REPORT_TARGET,REPORTER,REPORT_PARTY,REPORT_DATE,USER_NO,PARTY_NO,PARTY_BOARDNO,BOARD_CODE,BOARD_CANO) values (16,'고소할거에요','yerim3','unhak3','디즈니 좋아요',to_date('22/10/31','RR/MM/DD'),37,34,null,null,null);
Insert into HOMETT.REPORT (REPORT_NO,REPORT_CONTENT,REPORT_TARGET,REPORTER,REPORT_PARTY,REPORT_DATE,USER_NO,PARTY_NO,PARTY_BOARDNO,BOARD_CODE,BOARD_CANO) values (17,'신고합니다!!','unhak3','daeyeon3','티빙 좋아요',to_date('22/10/31','RR/MM/DD'),38,35,null,null,null);
Insert into HOMETT.REPORT (REPORT_NO,REPORT_CONTENT,REPORT_TARGET,REPORTER,REPORT_PARTY,REPORT_DATE,USER_NO,PARTY_NO,PARTY_BOARDNO,BOARD_CODE,BOARD_CANO) values (18,'고발합니다.','daeyeon3','jiwon3','애플 좋아요',to_date('22/10/31','RR/MM/DD'),39,23,null,null,null);
Insert into HOMETT.REPORT (REPORT_NO,REPORT_CONTENT,REPORT_TARGET,REPORTER,REPORT_PARTY,REPORT_DATE,USER_NO,PARTY_NO,PARTY_BOARDNO,BOARD_CODE,BOARD_CANO) values (19,'사기당했어요','jiwon3','jongwook3','드루와',to_date('22/10/31','RR/MM/DD'),40,24,null,null,null);
Insert into HOMETT.REPORT (REPORT_NO,REPORT_CONTENT,REPORT_TARGET,REPORTER,REPORT_PARTY,REPORT_DATE,USER_NO,PARTY_NO,PARTY_BOARDNO,BOARD_CODE,BOARD_CANO) values (20,'고소할거에요','jongwook3','hyunkyung3','드루와드루와',to_date('22/10/31','RR/MM/DD'),41,25,null,null,null);
Insert into HOMETT.REPORT (REPORT_NO,REPORT_CONTENT,REPORT_TARGET,REPORTER,REPORT_PARTY,REPORT_DATE,USER_NO,PARTY_NO,PARTY_BOARDNO,BOARD_CODE,BOARD_CANO) values (21,'신고합니다!!','hyunkyung3','unhak3','같이보자♥',to_date('22/10/31','RR/MM/DD'),42,26,null,null,null);
Insert into HOMETT.REPORT (REPORT_NO,REPORT_CONTENT,REPORT_TARGET,REPORTER,REPORT_PARTY,REPORT_DATE,USER_NO,PARTY_NO,PARTY_BOARDNO,BOARD_CODE,BOARD_CANO) values (22,'고발합니다.','unhak3','daeyeon3','너만 와♥',to_date('22/10/31','RR/MM/DD'),25,27,null,null,null);
Insert into HOMETT.REPORT (REPORT_NO,REPORT_CONTENT,REPORT_TARGET,REPORTER,REPORT_PARTY,REPORT_DATE,USER_NO,PARTY_NO,PARTY_BOARDNO,BOARD_CODE,BOARD_CANO) values (23,'사기당했어요','daeyeon3','jiwon3','싸게보자',to_date('22/10/31','RR/MM/DD'),26,23,null,null,null);
Insert into HOMETT.REPORT (REPORT_NO,REPORT_CONTENT,REPORT_TARGET,REPORTER,REPORT_PARTY,REPORT_DATE,USER_NO,PARTY_NO,PARTY_BOARDNO,BOARD_CODE,BOARD_CANO) values (24,'고소할거에요','jiwon3','jongwook3','넷플 좋아요',to_date('22/10/31','RR/MM/DD'),27,24,null,null,null);
Insert into HOMETT.REPORT (REPORT_NO,REPORT_CONTENT,REPORT_TARGET,REPORTER,REPORT_PARTY,REPORT_DATE,USER_NO,PARTY_NO,PARTY_BOARDNO,BOARD_CODE,BOARD_CANO) values (25,'신고합니다!!','jongwook3','hyunkyung3','디즈니 좋아요',to_date('22/10/31','RR/MM/DD'),28,25,null,null,null);
Insert into HOMETT.REPORT (REPORT_NO,REPORT_CONTENT,REPORT_TARGET,REPORTER,REPORT_PARTY,REPORT_DATE,USER_NO,PARTY_NO,PARTY_BOARDNO,BOARD_CODE,BOARD_CANO) values (26,'고발합니다.','hyunkyung3','jiwon2','티빙 좋아요',to_date('22/10/31','RR/MM/DD'),29,26,null,null,null);
Insert into HOMETT.REPORT (REPORT_NO,REPORT_CONTENT,REPORT_TARGET,REPORTER,REPORT_PARTY,REPORT_DATE,USER_NO,PARTY_NO,PARTY_BOARDNO,BOARD_CODE,BOARD_CANO) values (27,'사기당했어요','jiwon2','jongwook2','애플 좋아요',to_date('22/10/31','RR/MM/DD'),30,27,null,null,null);
Insert into HOMETT.REPORT (REPORT_NO,REPORT_CONTENT,REPORT_TARGET,REPORTER,REPORT_PARTY,REPORT_DATE,USER_NO,PARTY_NO,PARTY_BOARDNO,BOARD_CODE,BOARD_CANO) values (28,'고소할거에요','jongwook2','jaehyun1','드루와',to_date('22/10/31','RR/MM/DD'),31,28,null,null,null);
REM INSERTING into HOMETT.WISH_LIST
SET DEFINE OFF;
--------------------------------------------------------
--  DDL for Index PK_CS_INQUIRY
--------------------------------------------------------

  CREATE UNIQUE INDEX "HOMETT"."PK_CS_INQUIRY" ON "HOMETT"."CS_INQUIRY" ("INQUIRY_ARTICLENUMBER") 
  PCTFREE 10 INITRANS 2 MAXTRANS 255 COMPUTE STATISTICS 
  STORAGE(INITIAL 65536 NEXT 1048576 MINEXTENTS 1 MAXEXTENTS 2147483645
  PCTINCREASE 0 FREELISTS 1 FREELIST GROUPS 1 BUFFER_POOL DEFAULT FLASH_CACHE DEFAULT CELL_FLASH_CACHE DEFAULT)
  TABLESPACE "SYSTEM" ;
--------------------------------------------------------
--  DDL for Index PK_CS_EVENT
--------------------------------------------------------

  CREATE UNIQUE INDEX "HOMETT"."PK_CS_EVENT" ON "HOMETT"."CS_EVENT" ("EVENT_ARTICLENUMBER") 
  PCTFREE 10 INITRANS 2 MAXTRANS 255 COMPUTE STATISTICS 
  STORAGE(INITIAL 65536 NEXT 1048576 MINEXTENTS 1 MAXEXTENTS 2147483645
  PCTINCREASE 0 FREELISTS 1 FREELIST GROUPS 1 BUFFER_POOL DEFAULT FLASH_CACHE DEFAULT CELL_FLASH_CACHE DEFAULT)
  TABLESPACE "SYSTEM" ;
--------------------------------------------------------
--  DDL for Index MEMBER_PK
--------------------------------------------------------

  CREATE UNIQUE INDEX "HOMETT"."MEMBER_PK" ON "HOMETT"."MEMBER" ("USER_NO") 
  PCTFREE 10 INITRANS 2 MAXTRANS 255 COMPUTE STATISTICS 
  STORAGE(INITIAL 65536 NEXT 1048576 MINEXTENTS 1 MAXEXTENTS 2147483645
  PCTINCREASE 0 FREELISTS 1 FREELIST GROUPS 1 BUFFER_POOL DEFAULT FLASH_CACHE DEFAULT CELL_FLASH_CACHE DEFAULT)
  TABLESPACE "SYSTEM" ;
--------------------------------------------------------
--  DDL for Index PARTY_NO_PK
--------------------------------------------------------

  CREATE UNIQUE INDEX "HOMETT"."PARTY_NO_PK" ON "HOMETT"."PARTY" ("PARTY_NO") 
  PCTFREE 10 INITRANS 2 MAXTRANS 255 COMPUTE STATISTICS 
  STORAGE(INITIAL 65536 NEXT 1048576 MINEXTENTS 1 MAXEXTENTS 2147483645
  PCTINCREASE 0 FREELISTS 1 FREELIST GROUPS 1 BUFFER_POOL DEFAULT FLASH_CACHE DEFAULT CELL_FLASH_CACHE DEFAULT)
  TABLESPACE "SYSTEM" ;
--------------------------------------------------------
--  DDL for Index PARTY_BOARD_PK
--------------------------------------------------------

  CREATE UNIQUE INDEX "HOMETT"."PARTY_BOARD_PK" ON "HOMETT"."PARTY_BOARD" ("PARTY_BOARDNO") 
  PCTFREE 10 INITRANS 2 MAXTRANS 255 COMPUTE STATISTICS 
  STORAGE(INITIAL 65536 NEXT 1048576 MINEXTENTS 1 MAXEXTENTS 2147483645
  PCTINCREASE 0 FREELISTS 1 FREELIST GROUPS 1 BUFFER_POOL DEFAULT FLASH_CACHE DEFAULT CELL_FLASH_CACHE DEFAULT)
  TABLESPACE "SYSTEM" ;
--------------------------------------------------------
--  DDL for Index WISHLIST_PK
--------------------------------------------------------

  CREATE UNIQUE INDEX "HOMETT"."WISHLIST_PK" ON "HOMETT"."WISH_LIST" ("WISH_NO") 
  PCTFREE 10 INITRANS 2 MAXTRANS 255 COMPUTE STATISTICS 
  STORAGE(INITIAL 65536 NEXT 1048576 MINEXTENTS 1 MAXEXTENTS 2147483645
  PCTINCREASE 0 FREELISTS 1 FREELIST GROUPS 1 BUFFER_POOL DEFAULT FLASH_CACHE DEFAULT CELL_FLASH_CACHE DEFAULT)
  TABLESPACE "SYSTEM" ;
--------------------------------------------------------
--  DDL for Index PARTY_ROOM_NO_PK
--------------------------------------------------------

  CREATE UNIQUE INDEX "HOMETT"."PARTY_ROOM_NO_PK" ON "HOMETT"."PARTY_ROOM" ("PARTY_ROOM_NO") 
  PCTFREE 10 INITRANS 2 MAXTRANS 255 COMPUTE STATISTICS 
  STORAGE(INITIAL 65536 NEXT 1048576 MINEXTENTS 1 MAXEXTENTS 2147483645
  PCTINCREASE 0 FREELISTS 1 FREELIST GROUPS 1 BUFFER_POOL DEFAULT FLASH_CACHE DEFAULT CELL_FLASH_CACHE DEFAULT)
  TABLESPACE "SYSTEM" ;
--------------------------------------------------------
--  DDL for Index REPORT_NO_PK
--------------------------------------------------------

  CREATE UNIQUE INDEX "HOMETT"."REPORT_NO_PK" ON "HOMETT"."REPORT" ("REPORT_NO") 
  PCTFREE 10 INITRANS 2 MAXTRANS 255 COMPUTE STATISTICS 
  STORAGE(INITIAL 65536 NEXT 1048576 MINEXTENTS 1 MAXEXTENTS 2147483645
  PCTINCREASE 0 FREELISTS 1 FREELIST GROUPS 1 BUFFER_POOL DEFAULT FLASH_CACHE DEFAULT CELL_FLASH_CACHE DEFAULT)
  TABLESPACE "SYSTEM" ;
--------------------------------------------------------
--  DDL for Index MASTER_PK
--------------------------------------------------------

  CREATE UNIQUE INDEX "HOMETT"."MASTER_PK" ON "HOMETT"."MASTER" ("MASTER_NO") 
  PCTFREE 10 INITRANS 2 MAXTRANS 255 COMPUTE STATISTICS 
  STORAGE(INITIAL 65536 NEXT 1048576 MINEXTENTS 1 MAXEXTENTS 2147483645
  PCTINCREASE 0 FREELISTS 1 FREELIST GROUPS 1 BUFFER_POOL DEFAULT FLASH_CACHE DEFAULT CELL_FLASH_CACHE DEFAULT)
  TABLESPACE "SYSTEM" ;
--------------------------------------------------------
--  DDL for Index PK_PAYMENT
--------------------------------------------------------

  CREATE UNIQUE INDEX "HOMETT"."PK_PAYMENT" ON "HOMETT"."PAYMENT" ("PAY_NO") 
  PCTFREE 10 INITRANS 2 MAXTRANS 255 COMPUTE STATISTICS 
  STORAGE(INITIAL 65536 NEXT 1048576 MINEXTENTS 1 MAXEXTENTS 2147483645
  PCTINCREASE 0 FREELISTS 1 FREELIST GROUPS 1 BUFFER_POOL DEFAULT FLASH_CACHE DEFAULT CELL_FLASH_CACHE DEFAULT)
  TABLESPACE "SYSTEM" ;
--------------------------------------------------------
--  DDL for Index PK_CS_NOTICE
--------------------------------------------------------

  CREATE UNIQUE INDEX "HOMETT"."PK_CS_NOTICE" ON "HOMETT"."CS_NOTICE" ("NOTICE_ARTICLENUMBER") 
  PCTFREE 10 INITRANS 2 MAXTRANS 255 COMPUTE STATISTICS 
  STORAGE(INITIAL 65536 NEXT 1048576 MINEXTENTS 1 MAXEXTENTS 2147483645
  PCTINCREASE 0 FREELISTS 1 FREELIST GROUPS 1 BUFFER_POOL DEFAULT FLASH_CACHE DEFAULT CELL_FLASH_CACHE DEFAULT)
  TABLESPACE "SYSTEM" ;
--------------------------------------------------------
--  DDL for Index PK_BOARD_REVIEW
--------------------------------------------------------

  CREATE UNIQUE INDEX "HOMETT"."PK_BOARD_REVIEW" ON "HOMETT"."BOARD_REVIEW" ("REVIEW_ARTICLENUMBER") 
  PCTFREE 10 INITRANS 2 MAXTRANS 255 COMPUTE STATISTICS 
  STORAGE(INITIAL 65536 NEXT 1048576 MINEXTENTS 1 MAXEXTENTS 2147483645
  PCTINCREASE 0 FREELISTS 1 FREELIST GROUPS 1 BUFFER_POOL DEFAULT FLASH_CACHE DEFAULT CELL_FLASH_CACHE DEFAULT)
  TABLESPACE "SYSTEM" ;
--------------------------------------------------------
--  DDL for Index PARTY_CODEPK
--------------------------------------------------------

  CREATE UNIQUE INDEX "HOMETT"."PARTY_CODEPK" ON "HOMETT"."INVITATION" ("PARTY_CODE") 
  PCTFREE 10 INITRANS 2 MAXTRANS 255 COMPUTE STATISTICS 
  STORAGE(INITIAL 65536 NEXT 1048576 MINEXTENTS 1 MAXEXTENTS 2147483645
  PCTINCREASE 0 FREELISTS 1 FREELIST GROUPS 1 BUFFER_POOL DEFAULT FLASH_CACHE DEFAULT CELL_FLASH_CACHE DEFAULT)
  TABLESPACE "SYSTEM" ;
--------------------------------------------------------
--  DDL for Index COMMENTS_NO_PK
--------------------------------------------------------

  CREATE UNIQUE INDEX "HOMETT"."COMMENTS_NO_PK" ON "HOMETT"."COMMENTS" ("COMMENTS_NO") 
  PCTFREE 10 INITRANS 2 MAXTRANS 255 COMPUTE STATISTICS 
  STORAGE(INITIAL 65536 NEXT 1048576 MINEXTENTS 1 MAXEXTENTS 2147483645
  PCTINCREASE 0 FREELISTS 1 FREELIST GROUPS 1 BUFFER_POOL DEFAULT FLASH_CACHE DEFAULT CELL_FLASH_CACHE DEFAULT)
  TABLESPACE "SYSTEM" ;
--------------------------------------------------------
--  Constraints for Table PARTY_BOARD
--------------------------------------------------------

  ALTER TABLE "HOMETT"."PARTY_BOARD" ADD CONSTRAINT "PARTY_BOARD_PK" PRIMARY KEY ("PARTY_BOARDNO")
  USING INDEX PCTFREE 10 INITRANS 2 MAXTRANS 255 COMPUTE STATISTICS 
  STORAGE(INITIAL 65536 NEXT 1048576 MINEXTENTS 1 MAXEXTENTS 2147483645
  PCTINCREASE 0 FREELISTS 1 FREELIST GROUPS 1 BUFFER_POOL DEFAULT FLASH_CACHE DEFAULT CELL_FLASH_CACHE DEFAULT)
  TABLESPACE "SYSTEM"  ENABLE;
  ALTER TABLE "HOMETT"."PARTY_BOARD" MODIFY ("PARTY_BOARDNO" NOT NULL ENABLE);
--------------------------------------------------------
--  Constraints for Table INVITATION
--------------------------------------------------------

  ALTER TABLE "HOMETT"."INVITATION" ADD CONSTRAINT "PARTY_CODEPK" PRIMARY KEY ("PARTY_CODE")
  USING INDEX PCTFREE 10 INITRANS 2 MAXTRANS 255 COMPUTE STATISTICS 
  STORAGE(INITIAL 65536 NEXT 1048576 MINEXTENTS 1 MAXEXTENTS 2147483645
  PCTINCREASE 0 FREELISTS 1 FREELIST GROUPS 1 BUFFER_POOL DEFAULT FLASH_CACHE DEFAULT CELL_FLASH_CACHE DEFAULT)
  TABLESPACE "SYSTEM"  ENABLE;
  ALTER TABLE "HOMETT"."INVITATION" MODIFY ("USER_PHONE" NOT NULL ENABLE);
  ALTER TABLE "HOMETT"."INVITATION" MODIFY ("PARTY_NO" NOT NULL ENABLE);
  ALTER TABLE "HOMETT"."INVITATION" MODIFY ("USER_NO" NOT NULL ENABLE);
  ALTER TABLE "HOMETT"."INVITATION" MODIFY ("PARTY_CODE" NOT NULL ENABLE);
--------------------------------------------------------
--  Constraints for Table WISH_LIST
--------------------------------------------------------

  ALTER TABLE "HOMETT"."WISH_LIST" ADD CONSTRAINT "WISHLIST_PK" PRIMARY KEY ("WISH_NO")
  USING INDEX PCTFREE 10 INITRANS 2 MAXTRANS 255 COMPUTE STATISTICS 
  STORAGE(INITIAL 65536 NEXT 1048576 MINEXTENTS 1 MAXEXTENTS 2147483645
  PCTINCREASE 0 FREELISTS 1 FREELIST GROUPS 1 BUFFER_POOL DEFAULT FLASH_CACHE DEFAULT CELL_FLASH_CACHE DEFAULT)
  TABLESPACE "SYSTEM"  ENABLE;
  ALTER TABLE "HOMETT"."WISH_LIST" MODIFY ("PARTY_NO" NOT NULL ENABLE);
  ALTER TABLE "HOMETT"."WISH_LIST" MODIFY ("USER_NO" NOT NULL ENABLE);
  ALTER TABLE "HOMETT"."WISH_LIST" MODIFY ("PARTY_ENDDATE" NOT NULL ENABLE);
  ALTER TABLE "HOMETT"."WISH_LIST" MODIFY ("PARTY_CREDATE" NOT NULL ENABLE);
  ALTER TABLE "HOMETT"."WISH_LIST" MODIFY ("PARTY_NAME" NOT NULL ENABLE);
  ALTER TABLE "HOMETT"."WISH_LIST" MODIFY ("PARTY_LEADER" NOT NULL ENABLE);
  ALTER TABLE "HOMETT"."WISH_LIST" MODIFY ("BOARD_CANO" NOT NULL ENABLE);
  ALTER TABLE "HOMETT"."WISH_LIST" MODIFY ("PARTY_CANO" NOT NULL ENABLE);
  ALTER TABLE "HOMETT"."WISH_LIST" MODIFY ("WISH_NO" NOT NULL ENABLE);
--------------------------------------------------------
--  Constraints for Table CS_NOTICE
--------------------------------------------------------

  ALTER TABLE "HOMETT"."CS_NOTICE" ADD CONSTRAINT "PK_CS_NOTICE" PRIMARY KEY ("NOTICE_ARTICLENUMBER")
  USING INDEX PCTFREE 10 INITRANS 2 MAXTRANS 255 COMPUTE STATISTICS 
  STORAGE(INITIAL 65536 NEXT 1048576 MINEXTENTS 1 MAXEXTENTS 2147483645
  PCTINCREASE 0 FREELISTS 1 FREELIST GROUPS 1 BUFFER_POOL DEFAULT FLASH_CACHE DEFAULT CELL_FLASH_CACHE DEFAULT)
  TABLESPACE "SYSTEM"  ENABLE;
--------------------------------------------------------
--  Constraints for Table CS_INQUIRY
--------------------------------------------------------

  ALTER TABLE "HOMETT"."CS_INQUIRY" ADD CONSTRAINT "PK_CS_INQUIRY" PRIMARY KEY ("INQUIRY_ARTICLENUMBER")
  USING INDEX PCTFREE 10 INITRANS 2 MAXTRANS 255 COMPUTE STATISTICS 
  STORAGE(INITIAL 65536 NEXT 1048576 MINEXTENTS 1 MAXEXTENTS 2147483645
  PCTINCREASE 0 FREELISTS 1 FREELIST GROUPS 1 BUFFER_POOL DEFAULT FLASH_CACHE DEFAULT CELL_FLASH_CACHE DEFAULT)
  TABLESPACE "SYSTEM"  ENABLE;
--------------------------------------------------------
--  Constraints for Table MEMBER
--------------------------------------------------------

  ALTER TABLE "HOMETT"."MEMBER" ADD CONSTRAINT "MEMBER_PK" PRIMARY KEY ("USER_NO")
  USING INDEX PCTFREE 10 INITRANS 2 MAXTRANS 255 COMPUTE STATISTICS 
  STORAGE(INITIAL 65536 NEXT 1048576 MINEXTENTS 1 MAXEXTENTS 2147483645
  PCTINCREASE 0 FREELISTS 1 FREELIST GROUPS 1 BUFFER_POOL DEFAULT FLASH_CACHE DEFAULT CELL_FLASH_CACHE DEFAULT)
  TABLESPACE "SYSTEM"  ENABLE;
  ALTER TABLE "HOMETT"."MEMBER" MODIFY ("USER_JOIN" NOT NULL ENABLE);
  ALTER TABLE "HOMETT"."MEMBER" MODIFY ("USER_PHONE" NOT NULL ENABLE);
  ALTER TABLE "HOMETT"."MEMBER" MODIFY ("USER_EMAIL" NOT NULL ENABLE);
  ALTER TABLE "HOMETT"."MEMBER" MODIFY ("USER_NICK" NOT NULL ENABLE);
  ALTER TABLE "HOMETT"."MEMBER" MODIFY ("USER_NAME" NOT NULL ENABLE);
  ALTER TABLE "HOMETT"."MEMBER" MODIFY ("USER_PW" NOT NULL ENABLE);
  ALTER TABLE "HOMETT"."MEMBER" MODIFY ("USER_ID" NOT NULL ENABLE);
  ALTER TABLE "HOMETT"."MEMBER" MODIFY ("MASTER_NO" NOT NULL ENABLE);
--------------------------------------------------------
--  Constraints for Table PARTY_ROOM
--------------------------------------------------------

  ALTER TABLE "HOMETT"."PARTY_ROOM" ADD CONSTRAINT "PARTY_ROOM_NO_PK" PRIMARY KEY ("PARTY_ROOM_NO")
  USING INDEX PCTFREE 10 INITRANS 2 MAXTRANS 255 COMPUTE STATISTICS 
  STORAGE(INITIAL 65536 NEXT 1048576 MINEXTENTS 1 MAXEXTENTS 2147483645
  PCTINCREASE 0 FREELISTS 1 FREELIST GROUPS 1 BUFFER_POOL DEFAULT FLASH_CACHE DEFAULT CELL_FLASH_CACHE DEFAULT)
  TABLESPACE "SYSTEM"  ENABLE;
--------------------------------------------------------
--  Constraints for Table BOARD_REVIEW
--------------------------------------------------------

  ALTER TABLE "HOMETT"."BOARD_REVIEW" ADD CONSTRAINT "PK_BOARD_REVIEW" PRIMARY KEY ("REVIEW_ARTICLENUMBER")
  USING INDEX PCTFREE 10 INITRANS 2 MAXTRANS 255 COMPUTE STATISTICS 
  STORAGE(INITIAL 65536 NEXT 1048576 MINEXTENTS 1 MAXEXTENTS 2147483645
  PCTINCREASE 0 FREELISTS 1 FREELIST GROUPS 1 BUFFER_POOL DEFAULT FLASH_CACHE DEFAULT CELL_FLASH_CACHE DEFAULT)
  TABLESPACE "SYSTEM"  ENABLE;
--------------------------------------------------------
--  Constraints for Table CS_EVENT
--------------------------------------------------------

  ALTER TABLE "HOMETT"."CS_EVENT" ADD CONSTRAINT "PK_CS_EVENT" PRIMARY KEY ("EVENT_ARTICLENUMBER")
  USING INDEX PCTFREE 10 INITRANS 2 MAXTRANS 255 COMPUTE STATISTICS 
  STORAGE(INITIAL 65536 NEXT 1048576 MINEXTENTS 1 MAXEXTENTS 2147483645
  PCTINCREASE 0 FREELISTS 1 FREELIST GROUPS 1 BUFFER_POOL DEFAULT FLASH_CACHE DEFAULT CELL_FLASH_CACHE DEFAULT)
  TABLESPACE "SYSTEM"  ENABLE;
--------------------------------------------------------
--  Constraints for Table MASTER
--------------------------------------------------------

  ALTER TABLE "HOMETT"."MASTER" ADD CONSTRAINT "MASTER_PK" PRIMARY KEY ("MASTER_NO")
  USING INDEX PCTFREE 10 INITRANS 2 MAXTRANS 255 COMPUTE STATISTICS 
  STORAGE(INITIAL 65536 NEXT 1048576 MINEXTENTS 1 MAXEXTENTS 2147483645
  PCTINCREASE 0 FREELISTS 1 FREELIST GROUPS 1 BUFFER_POOL DEFAULT FLASH_CACHE DEFAULT CELL_FLASH_CACHE DEFAULT)
  TABLESPACE "SYSTEM"  ENABLE;
  ALTER TABLE "HOMETT"."MASTER" MODIFY ("MASTER_NO" NOT NULL ENABLE);
--------------------------------------------------------
--  Constraints for Table REPORT
--------------------------------------------------------

  ALTER TABLE "HOMETT"."REPORT" ADD CONSTRAINT "REPORT_NO_PK" PRIMARY KEY ("REPORT_NO")
  USING INDEX PCTFREE 10 INITRANS 2 MAXTRANS 255 COMPUTE STATISTICS 
  STORAGE(INITIAL 65536 NEXT 1048576 MINEXTENTS 1 MAXEXTENTS 2147483645
  PCTINCREASE 0 FREELISTS 1 FREELIST GROUPS 1 BUFFER_POOL DEFAULT FLASH_CACHE DEFAULT CELL_FLASH_CACHE DEFAULT)
  TABLESPACE "SYSTEM"  ENABLE;
--------------------------------------------------------
--  Constraints for Table COMMENTS
--------------------------------------------------------

  ALTER TABLE "HOMETT"."COMMENTS" ADD CONSTRAINT "COMMENTS_NO_PK" PRIMARY KEY ("COMMENTS_NO")
  USING INDEX PCTFREE 10 INITRANS 2 MAXTRANS 255 COMPUTE STATISTICS 
  STORAGE(INITIAL 65536 NEXT 1048576 MINEXTENTS 1 MAXEXTENTS 2147483645
  PCTINCREASE 0 FREELISTS 1 FREELIST GROUPS 1 BUFFER_POOL DEFAULT FLASH_CACHE DEFAULT CELL_FLASH_CACHE DEFAULT)
  TABLESPACE "SYSTEM"  ENABLE;
  ALTER TABLE "HOMETT"."COMMENTS" MODIFY ("COMMENTS_NO" NOT NULL ENABLE);
--------------------------------------------------------
--  Constraints for Table PAYMENT
--------------------------------------------------------

  ALTER TABLE "HOMETT"."PAYMENT" ADD CONSTRAINT "PK_PAYMENT" PRIMARY KEY ("PAY_NO")
  USING INDEX PCTFREE 10 INITRANS 2 MAXTRANS 255 COMPUTE STATISTICS 
  STORAGE(INITIAL 65536 NEXT 1048576 MINEXTENTS 1 MAXEXTENTS 2147483645
  PCTINCREASE 0 FREELISTS 1 FREELIST GROUPS 1 BUFFER_POOL DEFAULT FLASH_CACHE DEFAULT CELL_FLASH_CACHE DEFAULT)
  TABLESPACE "SYSTEM"  ENABLE;
--------------------------------------------------------
--  Constraints for Table PARTY
--------------------------------------------------------

  ALTER TABLE "HOMETT"."PARTY" ADD CONSTRAINT "PARTY_NO_PK" PRIMARY KEY ("PARTY_NO")
  USING INDEX PCTFREE 10 INITRANS 2 MAXTRANS 255 COMPUTE STATISTICS 
  STORAGE(INITIAL 65536 NEXT 1048576 MINEXTENTS 1 MAXEXTENTS 2147483645
  PCTINCREASE 0 FREELISTS 1 FREELIST GROUPS 1 BUFFER_POOL DEFAULT FLASH_CACHE DEFAULT CELL_FLASH_CACHE DEFAULT)
  TABLESPACE "SYSTEM"  ENABLE;
  ALTER TABLE "HOMETT"."PARTY" MODIFY ("PARTY_ROOM_NO" NOT NULL ENABLE);
  ALTER TABLE "HOMETT"."PARTY" MODIFY ("PARTY_NOTICE" NOT NULL ENABLE);
  ALTER TABLE "HOMETT"."PARTY" MODIFY ("PAYMENTAMOUNT" NOT NULL ENABLE);
  ALTER TABLE "HOMETT"."PARTY" MODIFY ("USER_NO" NOT NULL ENABLE);
  ALTER TABLE "HOMETT"."PARTY" MODIFY ("PARTY_RULE" NOT NULL ENABLE);
  ALTER TABLE "HOMETT"."PARTY" MODIFY ("PARTY_NAME" NOT NULL ENABLE);
  ALTER TABLE "HOMETT"."PARTY" MODIFY ("PARTY_ENDDATE" NOT NULL ENABLE);
  ALTER TABLE "HOMETT"."PARTY" MODIFY ("PARTY_KIND" NOT NULL ENABLE);
  ALTER TABLE "HOMETT"."PARTY" MODIFY ("PARTY_NO" NOT NULL ENABLE);
--------------------------------------------------------
--  Ref Constraints for Table PARTY_BOARD
--------------------------------------------------------

  ALTER TABLE "HOMETT"."PARTY_BOARD" ADD CONSTRAINT "PARTY_BOARD_COMMENTS_NO_FK" FOREIGN KEY ("COMMENTS_NO")
	  REFERENCES "HOMETT"."COMMENTS" ("COMMENTS_NO") ENABLE;
